idx,label,part,valley_distinct,h,j,dh,dj,t,perp,Dhj,vr,mixlogp,LatAD_pct,USAD_pct,TranAD_pct,AE_pct,IF_pct,linres_pct,maxz_pct
0,0,in_cluster,0,11,10,3.347,3.986,0.611,2.816,3.799,0.008,-25.43,0.6705,0.2640,0.2447,0.4239,0.4027,0.6840,0.4586
1,0,in_cluster,0,11,9,2.949,3.913,0.803,2.344,2.565,0.698,-23.66,0.4316,0.2717,0.2736,0.3487,0.3218,0.8035,0.4721
2,0,in_cluster,0,5,1,4.653,4.818,0.595,3.855,3.420,0.970,-32.64,0.8767,0.5954,0.5472,0.7360,0.7264,0.7360,0.4778
3,0,in_cluster,0,10,1,4.269,5.650,0.226,3.855,6.099,0.000,-32.37,0.9480,0.5645,0.5067,0.8208,0.7206,0.5222,0.4836
4,0,in_cluster,0,11,10,3.735,3.833,0.709,2.872,3.799,0.008,-29.42,0.7437,0.2852,0.2775,0.5222,0.4509,0.2081,0.4875
5,0,in_cluster,0,11,4,3.278,4.477,0.290,2.774,4.205,0.084,-28.20,0.5992,0.4470,0.4277,0.3719,0.4123,0.1850,0.4952
6,0,in_cluster,0,11,5,3.062,4.508,0.306,2.437,4.224,0.182,-27.52,0.6089,0.4624,0.4066,0.3333,0.3719,0.1830,0.5434
7,0,in_cluster,0,11,5,3.458,5.128,0.026,2.507,4.224,0.182,-28.81,0.8786,0.5915,0.5318,0.8671,0.8343,0.2139,0.6590
8,0,in_cluster,0,11,3,4.423,4.961,0.344,2.309,5.964,0.000,-32.58,0.9171,0.7803,0.7168,0.8073,0.8459,0.2909,0.6301
9,0,in_cluster,0,10,3,2.454,7.249,0.034,2.069,6.139,0.000,-26.28,0.6936,0.8304,0.7784,0.9692,0.7611,0.1310,0.6378
10,0,in_cluster,0,10,11,2.214,7.120,-0.088,1.978,3.799,0.008,-25.72,0.7013,0.7495,0.7071,0.8343,0.6532,0.1407,0.6397
11,0,in_cluster,0,10,11,2.993,3.929,0.253,2.396,3.799,0.008,-27.69,0.3738,0.5549,0.5260,0.4335,0.4220,0.3892,0.5299
12,0,in_cluster,0,11,0,3.267,3.880,0.999,2.020,3.534,0.151,-23.71,0.2505,0.6532,0.6301,0.3064,0.4740,0.2582,0.5318
13,0,in_cluster,0,11,0,2.914,3.718,0.931,1.634,3.534,0.151,-23.09,0.2620,0.6146,0.5819,0.2871,0.4316,0.1599,0.5376
14,0,in_cluster,0,10,11,3.090,3.712,0.339,2.701,3.799,0.008,-24.09,0.2351,0.3565,0.3391,0.2408,0.2775,0.1773,0.5549
15,0,in_cluster,0,10,7,2.848,3.951,0.993,2.062,2.783,0.323,-20.14,0.1811,0.4432,0.3719,0.2139,0.2139,0.1522,0.5645
16,1,in_cluster,0,10,7,3.452,3.649,1.024,2.622,2.783,0.323,-18.99,0.3487,0.4432,0.4008,0.4355,0.4374,0.1908,0.5742
17,1,in_cluster,0,0,11,5.087,6.537,0.021,4.874,3.534,0.151,-29.13,0.9461,0.6050,0.6339,0.8709,0.9229,0.3584,0.5819
18,1,in_cluster,0,11,0,3.183,3.384,0.975,2.099,3.534,0.151,-21.92,0.3719,0.7630,0.7881,0.3622,0.6108,0.3218,0.5896
19,1,in_cluster,0,4,0,4.143,4.220,0.646,3.155,6.694,0.003,-25.10,0.8131,0.6763,0.6898,0.6378,0.5780,0.3680,0.5934
20,1,in_cluster,0,0,11,3.911,3.925,-0.014,2.592,3.534,0.151,-23.84,0.6031,0.6166,0.6281,0.4875,0.6570,0.2582,0.6667
21,1,in_cluster,0,0,11,3.675,4.167,-0.048,3.005,3.534,0.151,-22.95,0.5222,0.7013,0.6686,0.5260,0.7110,0.0520,0.7071
22,0,in_cluster,0,7,10,3.225,3.399,-0.194,2.258,2.783,0.323,-17.53,0.3911,0.6320,0.5530,0.4605,0.4759,0.0135,0.6474
23,0,in_cluster,0,10,7,2.991,3.096,1.177,1.796,2.783,0.323,-17.13,0.2139,0.5530,0.5029,0.3314,0.2909,0.0347,0.5067
24,0,in_cluster,0,10,7,2.683,2.949,1.054,1.637,2.783,0.323,-16.69,0.1869,0.5761,0.5241,0.3198,0.2987,0.0636,0.4200
25,0,in_cluster,0,0,11,2.846,3.016,0.053,1.847,3.534,0.151,-20.24,0.2563,0.7341,0.7225,0.4586,0.5684,0.1252,0.4566
26,0,in_cluster,0,11,0,3.031,3.217,0.904,1.913,3.534,0.151,-21.37,0.2062,0.6936,0.6917,0.3815,0.5491,0.4335,0.4740
27,0,in_cluster,0,7,10,2.825,2.999,-0.192,1.805,2.783,0.323,-16.33,0.1580,0.3931,0.3834,0.3507,0.2428,0.3680,0.4277
28,0,in_cluster,0,7,10,2.597,2.703,0.007,1.715,2.783,0.323,-15.71,0.1387,0.4528,0.4046,0.1657,0.1657,0.1965,0.4297
29,0,in_cluster,0,10,7,2.539,2.615,0.958,1.591,2.783,0.323,-15.76,0.1272,0.3988,0.3738,0.1541,0.1407,0.1291,0.4355
30,0,in_cluster,0,10,11,2.275,3.947,0.180,2.410,3.799,0.008,-25.85,0.6416,0.4085,0.4355,0.6686,0.5260,0.1060,0.4412
31,0,in_cluster,0,10,11,3.068,4.866,0.046,3.143,3.799,0.008,-27.97,0.8863,0.5857,0.5915,0.8998,0.8170,0.3526,0.4393
32,0,in_cluster,0,11,10,3.807,4.864,0.563,2.944,3.799,0.008,-30.04,0.9114,0.4990,0.4855,0.7919,0.6243,0.6089,0.4432
33,0,in_cluster,0,7,11,3.378,3.671,0.146,2.339,4.369,0.022,-18.04,0.4778,0.3353,0.3160,0.5183,0.5125,0.0116,0.4509
34,0,in_cluster,0,11,4,3.298,4.342,0.112,2.768,4.205,0.084,-28.27,0.6108,0.4933,0.4258,0.5356,0.6108,0.0328,0.4701
35,0,in_cluster,0,11,4,3.455,4.300,0.152,2.844,4.205,0.084,-28.79,0.6031,0.5299,0.4123,0.4644,0.5434,0.3083,0.5973
36,0,in_cluster,0,7,11,4.266,4.422,0.079,3.415,4.369,0.022,-21.44,0.6339,0.4489,0.3430,0.4624,0.4586,0.4547,0.6821
37,0,in_cluster,0,11,7,4.378,4.806,0.851,3.710,4.369,0.022,-23.89,0.6474,0.4644,0.3661,0.4971,0.5164,0.5877,0.6686
38,0,in_cluster,0,11,7,3.879,4.100,0.896,2.726,4.369,0.022,-20.74,0.3237,0.5010,0.3931,0.2832,0.2659,0.6378,0.5530
39,0,in_cluster,0,11,9,3.105,4.540,0.251,3.106,2.565,0.698,-26.10,0.5453,0.6050,0.4605,0.2948,0.3680,0.3372,0.3834
40,0,in_cluster,0,11,9,3.090,4.109,0.321,3.017,2.565,0.698,-24.43,0.5222,0.4971,0.3237,0.2987,0.3699,0.1869,0.3083
41,0,in_cluster,0,11,9,3.458,4.027,0.521,3.214,2.565,0.698,-24.13,0.4162,0.3064,0.2062,0.2158,0.2832,0.1696,0.2967
42,0,in_cluster,0,11,9,3.215,3.993,0.408,3.031,2.565,0.698,-23.98,0.3487,0.3083,0.2177,0.2447,0.2408,0.1503,0.3025
43,0,in_cluster,0,11,7,3.576,4.829,0.811,2.811,4.369,0.022,-23.99,0.6724,0.3276,0.2389,0.5125,0.4066,0.0000,0.3121
44,0,in_cluster,0,11,7,3.361,4.905,0.708,2.906,4.369,0.022,-24.35,0.6647,0.2832,0.2042,0.5318,0.4239,0.1233,0.3198
45,0,in_cluster,0,11,9,3.271,4.003,0.563,3.008,2.565,0.698,-24.02,0.3295,0.2177,0.1040,0.1561,0.1734,0.4470,0.3295
46,0,in_cluster,0,11,9,3.042,3.257,0.518,2.568,2.565,0.698,-21.33,0.4644,0.2775,0.1965,0.2717,0.3873,0.1329,0.3333
47,0,in_cluster,0,11,9,2.875,3.482,0.544,2.460,2.565,0.698,-22.09,0.4990,0.3044,0.2312,0.2775,0.3854,0.2505,0.2042
48,0,in_cluster,0,11,9,2.777,3.047,0.520,2.543,2.565,0.698,-20.67,0.3218,0.2813,0.1541,0.1426,0.1503,0.3430,0.1445
49,0,in_cluster,0,11,9,3.068,3.486,0.498,2.888,2.565,0.698,-22.02,0.3198,0.2543,0.0963,0.1407,0.1387,0.2466,0.1464
50,0,in_cluster,0,11,9,3.292,3.372,0.720,2.949,2.565,0.698,-21.71,0.3141,0.2042,0.0886,0.1040,0.1426,0.2428,0.1561
51,0,in_cluster,0,11,7,2.978,4.739,0.485,2.939,4.369,0.022,-23.54,0.6917,0.2620,0.2197,0.4701,0.3102,0.3064,0.1599
52,0,in_cluster,0,11,9,2.687,4.966,0.490,2.606,2.565,0.698,-26.31,0.8208,0.3430,0.3507,0.6435,0.4355,0.4586,0.1618
53,0,in_cluster,0,11,9,2.561,3.094,0.717,2.211,2.565,0.698,-20.81,0.4855,0.3237,0.3487,0.3738,0.2678,0.7958,0.1021
54,0,in_cluster,0,11,9,2.655,3.333,0.796,2.178,2.565,0.698,-21.58,0.5260,0.2389,0.2408,0.4008,0.2235,0.9653,0.0694
55,0,in_cluster,0,11,9,2.335,3.334,0.746,1.877,2.565,0.698,-21.57,0.5414,0.2081,0.2158,0.4200,0.2813,0.8073,0.0539
56,0,in_cluster,0,11,9,2.506,4.011,0.757,2.239,2.565,0.698,-23.94,0.4682,0.1561,0.1908,0.4316,0.1985,0.8882,0.0231
57,0,in_cluster,0,11,9,2.599,3.216,0.927,2.047,2.565,0.698,-20.64,0.1696,0.0867,0.0848,0.0925,0.0597,0.8015,0.0212
58,0,in_cluster,0,11,6,2.688,2.923,0.609,2.258,3.891,0.000,-15.97,0.0829,0.0674,0.0674,0.0501,0.0443,0.6763,0.0096
59,0,in_cluster,0,11,6,2.678,2.698,0.631,2.235,3.891,0.000,-13.77,0.0674,0.0520,0.0578,0.0405,0.0405,0.6667,0.0039
60,0,in_cluster,0,6,11,2.642,2.671,0.369,2.219,3.891,0.000,-15.06,0.0289,0.0328,0.0501,0.0289,0.0231,0.7303,0.0077
61,0,in_cluster,0,6,11,2.546,2.617,0.368,2.177,3.891,0.000,-16.62,0.0405,0.0212,0.0424,0.0443,0.0250,0.7784,0.0058
62,0,in_cluster,0,6,11,2.591,2.657,0.357,2.189,3.891,0.000,-15.63,0.0385,0.0231,0.0462,0.0173,0.0096,0.7881,0.0019
63,0,in_cluster,0,6,11,2.648,2.732,0.350,2.235,3.891,0.000,-14.78,0.0328,0.0462,0.0539,0.0328,0.0135,0.8401,0.0000
64,0,in_cluster,0,6,1,2.450,5.084,-0.074,1.329,3.941,0.015,-17.76,0.3025,0.2004,0.2620,0.5029,0.2582,0.6956,0.0462
65,0,in_cluster,0,5,10,5.074,6.673,0.638,4.527,6.302,0.000,-38.83,0.8979,0.4875,0.5087,0.8709,0.7996,0.5125,0.0790
66,0,in_cluster,0,5,10,5.187,5.642,0.668,3.753,6.302,0.000,-38.58,0.9268,0.3603,0.2929,0.7726,0.7341,0.4817,0.0790
67,0,in_cluster,0,11,1,3.281,3.964,0.468,2.972,4.022,0.002,-27.83,0.6455,0.2293,0.0829,0.4027,0.3622,0.7399,0.0597
68,0,in_cluster,0,1,10,4.060,4.101,0.438,2.101,6.099,0.000,-29.15,0.7303,0.5087,0.4027,0.6416,0.6031,0.8613,0.1657
69,0,in_cluster,0,5,10,3.752,4.571,0.461,2.798,6.302,0.000,-32.33,0.9229,0.5780,0.4933,0.7418,0.7688,0.7033,0.3969
70,0,in_cluster,0,11,10,2.830,3.586,0.510,2.382,3.799,0.008,-26.79,0.6069,0.3102,0.2370,0.5260,0.5183,0.4605,0.5029
71,0,in_cluster,0,11,9,2.534,2.938,0.686,2.032,2.565,0.698,-20.34,0.2871,0.2794,0.2139,0.2312,0.1908,0.6705,0.4759
72,0,in_cluster,0,9,10,2.605,3.026,0.226,2.589,3.459,0.052,-19.42,0.5299,0.4682,0.4181,0.6455,0.5106,0.6513,0.4258
73,0,in_cluster,0,9,10,2.759,2.969,0.264,2.578,3.459,0.052,-19.84,0.5395,0.4451,0.4143,0.6146,0.4547,0.4971,0.3988
74,0,in_cluster,0,10,11,2.150,2.995,0.257,2.115,3.799,0.008,-24.42,0.4547,0.2582,0.2331,0.1753,0.1522,0.2042,0.3353
75,0,in_cluster,0,10,11,2.247,2.895,0.285,2.089,3.799,0.008,-23.74,0.4123,0.2466,0.2081,0.1618,0.1310,0.1734,0.2408
76,0,in_cluster,0,11,10,2.953,4.380,0.400,2.858,3.799,0.008,-25.70,0.5106,0.2697,0.2755,0.3179,0.3507,0.3507,0.2081
77,0,in_cluster,0,11,9,3.116,4.133,0.907,2.404,2.565,0.698,-24.53,0.5838,0.2505,0.2505,0.2794,0.3468,0.3314,0.1888
78,0,in_cluster,0,3,10,4.588,5.427,0.595,2.780,6.139,0.000,-33.99,0.8651,0.6782,0.6667,0.7283,0.6551,0.1618,0.4605
79,0,in_cluster,0,3,10,4.371,5.668,0.587,2.978,6.139,0.000,-33.04,0.8170,0.8324,0.8015,0.9441,0.8690,0.1445,0.4624
80,0,in_cluster,0,10,3,2.140,7.518,0.029,2.030,6.139,0.000,-25.56,0.7206,0.6358,0.5934,0.7861,0.5915,0.3584,0.6069
81,0,in_cluster,0,10,11,2.056,4.904,0.053,2.073,3.799,0.008,-25.38,0.7245,0.4894,0.4644,0.6031,0.3796,0.2254,0.1060
82,0,in_cluster,0,10,7,3.175,3.178,0.945,2.354,2.783,0.323,-17.38,0.2524,0.3468,0.3757,0.3276,0.3603,0.0809,0.1484
83,0,in_cluster,0,0,11,2.662,3.516,0.077,2.429,3.534,0.151,-19.74,0.3622,0.3487,0.4297,0.4046,0.5029,0.1040,0.3276
84,0,in_cluster,0,0,10,2.291,3.718,0.310,1.865,4.292,0.020,-18.82,0.2486,0.3738,0.4393,0.2042,0.3353,0.0443,0.5241
85,0,in_cluster,0,10,7,2.913,3.095,0.918,2.355,2.783,0.323,-17.12,0.1715,0.3372,0.3854,0.2235,0.2736,0.0077,0.6455
86,0,in_cluster,0,7,10,3.190,3.269,-0.181,2.266,2.783,0.323,-17.42,0.5048,0.3796,0.4778,0.4277,0.4836,0.0154,0.7303
87,0,in_cluster,0,0,11,3.263,3.616,-0.014,2.550,3.534,0.151,-21.52,0.4143,0.6474,0.6590,0.4181,0.6146,0.0096,0.7418
88,0,in_cluster,0,0,11,2.494,2.857,0.068,1.652,3.534,0.151,-19.30,0.2428,0.6686,0.6416,0.2967,0.4335,0.1541,0.6763
89,0,in_cluster,0,0,11,2.930,3.283,0.023,1.972,3.534,0.151,-20.49,0.2582,0.6570,0.6474,0.4933,0.5896,0.3121,0.5414
90,0,in_cluster,0,0,11,2.375,3.240,-0.057,1.472,3.534,0.151,-19.02,0.3179,0.6378,0.6358,0.3892,0.5222,0.4066,0.4066
91,0,in_cluster,0,7,10,2.671,2.835,-0.026,1.759,2.783,0.323,-15.90,0.1118,0.4220,0.3796,0.1638,0.2042,0.2717,0.3430
92,0,in_cluster,0,11,0,2.622,2.658,0.884,1.354,3.534,0.151,-19.73,0.1233,0.5877,0.5645,0.1715,0.3892,0.1464,0.2620
93,0,in_cluster,0,11,0,2.742,4.304,0.811,1.662,3.534,0.151,-25.15,0.3121,0.5376,0.5337,0.3025,0.4894,0.1426,0.3064
94,0,in_cluster,0,0,11,2.422,3.318,-0.017,1.747,3.534,0.151,-19.13,0.3256,0.4778,0.4316,0.1965,0.4644,0.1002,0.3642
95,0,in_cluster,0,0,11,2.588,3.131,0.014,1.610,3.534,0.151,-19.54,0.3372,0.4952,0.4759,0.2389,0.5010,0.1638,0.2466
96,0,in_cluster,0,10,7,2.783,2.891,1.134,1.634,2.783,0.323,-16.52,0.2177,0.3545,0.3642,0.2563,0.3121,0.2890,0.3507
97,0,in_cluster,0,0,11,2.883,3.024,0.086,2.144,3.534,0.151,-20.35,0.2929,0.6975,0.7091,0.3391,0.6724,0.2852,0.5164
98,0,in_cluster,0,0,11,2.872,3.150,0.093,2.396,3.534,0.151,-20.32,0.3526,0.7052,0.7129,0.3372,0.6994,0.3911,0.4374
99,0,in_cluster,0,0,11,2.150,3.243,-0.075,1.547,3.534,0.151,-18.51,0.2640,0.6185,0.6532,0.3661,0.5877,0.3738,0.2890
100,0,in_cluster,0,0,11,2.705,3.512,-0.097,1.931,3.534,0.151,-19.85,0.3160,0.6397,0.6802,0.3603,0.6609,0.2216,0.4894
101,0,in_cluster,0,10,7,3.012,3.105,1.004,2.235,2.783,0.323,-17.14,0.1946,0.5106,0.5588,0.2678,0.3372,0.2640,0.6358
102,0,in_cluster,0,7,10,2.878,2.959,0.029,2.363,2.783,0.323,-16.48,0.2042,0.5241,0.5973,0.3160,0.3276,0.2755,0.7341
103,0,in_cluster,0,7,0,3.337,3.549,0.196,3.037,3.521,0.000,-17.90,0.2543,0.6166,0.6397,0.4759,0.4682,0.0906,0.7611
104,0,in_cluster,0,11,0,3.638,3.993,1.024,2.632,3.534,0.151,-24.16,0.4894,0.7842,0.7707,0.4066,0.6435,0.0925,0.7225
105,0,in_cluster,0,11,0,2.934,3.431,0.896,1.837,3.534,0.151,-22.07,0.1753,0.7418,0.7264,0.2755,0.4952,0.0944,0.6031
106,0,in_cluster,0,0,11,3.552,4.178,0.062,2.664,3.534,0.151,-22.50,0.6012,0.7168,0.6994,0.4952,0.7572,0.2177,0.5819
107,0,in_cluster,0,11,0,2.824,3.026,0.911,1.679,3.534,0.151,-20.77,0.1830,0.7360,0.7187,0.3006,0.5992,0.2543,0.5588
108,0,in_cluster,0,11,10,3.917,4.125,0.579,3.398,3.799,0.008,-30.26,0.5761,0.5607,0.5356,0.6782,0.5376,0.3256,0.5780
109,0,in_cluster,0,11,10,3.117,3.234,0.567,2.108,3.799,0.008,-27.33,0.5723,0.3757,0.3969,0.6744,0.5395,0.1484,0.5877
110,0,in_cluster,0,11,9,2.744,3.987,0.445,2.964,2.565,0.698,-23.91,0.4220,0.3160,0.3141,0.1888,0.2486,0.2274,0.5742
111,0,in_cluster,0,11,9,2.473,4.230,0.397,2.794,2.565,0.698,-24.64,0.5010,0.5164,0.5106,0.1773,0.3776,0.0231,0.5703
112,0,in_cluster,0,11,9,2.473,3.832,0.522,2.616,2.565,0.698,-23.30,0.4933,0.4721,0.4971,0.2119,0.3661,0.1387,0.5761
113,0,in_cluster,0,11,10,2.858,3.951,0.466,2.155,3.799,0.008,-24.12,0.3083,0.3006,0.3025,0.2216,0.1946,0.1156,0.5607
114,0,in_cluster,0,11,10,3.384,4.694,0.419,2.784,3.799,0.008,-28.56,0.4528,0.3198,0.3295,0.4566,0.4528,0.0771,0.5511
115,0,in_cluster,0,11,4,3.049,4.932,0.319,3.042,4.205,0.084,-27.49,0.8536,0.6089,0.6224,0.8651,0.8574,0.1888,0.5684
116,0,in_cluster,0,11,4,3.257,3.955,0.444,2.704,4.205,0.084,-28.11,0.8728,0.7572,0.7341,0.8439,0.8536,0.6339,0.5800
117,0,in_cluster,0,11,4,2.835,3.561,0.239,2.106,4.205,0.084,-26.81,0.7129,0.6802,0.6281,0.7457,0.5934,0.7457,0.5472
118,0,in_cluster,0,11,4,2.468,4.014,0.115,1.875,4.205,0.084,-25.88,0.7071,0.5723,0.4836,0.6474,0.8189,0.7245,0.6108
119,0,in_cluster,0,11,5,3.143,4.162,0.015,2.031,4.224,0.182,-27.77,0.8516,0.5472,0.4085,0.7129,0.8304,0.9364,0.6744
120,0,in_cluster,0,11,5,3.269,4.868,-0.155,1.956,4.224,0.182,-28.18,0.7168,0.4759,0.3449,0.4509,0.5279,0.8170,0.6185
121,0,in_cluster,0,11,5,3.579,6.149,-0.421,1.979,4.224,0.182,-29.24,0.6320,0.5568,0.4412,0.5665,0.5414,0.6243,0.5106
122,0,in_cluster,0,11,4,2.886,5.498,-0.068,2.264,4.205,0.084,-27.00,0.6493,0.6609,0.5684,0.6320,0.5511,0.4990,0.3892
123,0,in_cluster,0,11,5,2.431,5.343,-0.247,1.731,4.224,0.182,-25.78,0.5954,0.3526,0.3064,0.6089,0.4470,0.4104,0.2197
124,0,in_cluster,0,9,11,2.343,2.790,0.201,2.217,2.565,0.698,-18.78,0.4277,0.1830,0.1503,0.2100,0.2197,0.4663,0.1580
125,0,in_cluster,0,9,11,2.801,2.831,0.106,2.211,2.565,0.698,-19.95,0.3276,0.1503,0.0944,0.1291,0.1484,0.2678,0.1002
126,0,in_cluster,0,11,9,2.572,3.159,0.834,2.125,2.565,0.698,-21.02,0.4297,0.1715,0.1291,0.4470,0.2100,0.1792,0.0674
127,0,in_cluster,0,11,9,2.658,4.022,0.823,2.358,2.565,0.698,-24.02,0.5973,0.7457,0.7938,0.5434,0.2293,0.5838,0.9634
128,0,in_cluster,0,11,9,2.681,3.373,0.860,2.306,2.565,0.698,-20.59,0.3815,0.6744,0.7283,0.4894,0.1329,0.8844,0.9229
129,0,in_cluster,0,11,9,2.713,3.158,0.932,2.255,2.565,0.698,-18.49,0.0520,0.0482,0.0366,0.0212,0.0385,0.5588,0.0250
130,0,in_cluster,0,11,6,2.687,3.394,0.545,2.407,3.891,0.000,-15.48,0.1561,0.0424,0.0308,0.0385,0.0559,0.1368,0.0250
131,0,in_cluster,0,11,6,2.736,3.218,0.561,2.419,3.891,0.000,-14.53,0.1927,0.0193,0.0193,0.0366,0.0539,0.3854,0.0250
132,0,in_cluster,0,11,6,2.732,3.150,0.579,2.407,3.891,0.000,-13.56,0.0193,0.0096,0.0154,0.0058,0.0347,0.4239,0.0250
133,0,in_cluster,0,11,6,2.743,3.184,0.602,2.390,3.891,0.000,-13.84,0.0154,0.0173,0.0173,0.0116,0.0270,0.5279,0.0250
134,0,in_cluster,0,11,6,2.794,3.102,0.608,2.414,3.891,0.000,-12.38,0.0135,0.0289,0.0231,0.0270,0.0289,0.5356,0.0250
135,0,in_cluster,0,11,6,2.753,3.030,0.606,2.376,3.891,0.000,-13.25,0.0096,0.0250,0.0212,0.0000,0.0154,0.5453,0.0250
136,0,in_cluster,0,11,6,2.725,2.981,0.602,2.356,3.891,0.000,-12.97,0.0116,0.0077,0.0019,0.0019,0.0193,0.6416,0.0250
137,0,in_cluster,0,11,6,2.755,3.112,0.605,2.393,3.891,0.000,-11.74,0.0058,0.0116,0.0135,0.0077,0.0212,0.5915,0.0250
138,0,in_cluster,0,6,1,3.089,5.526,-0.103,1.971,3.941,0.015,-19.53,0.3430,0.1638,0.1946,0.4817,0.2254,0.6744,0.0462
139,0,in_cluster,0,6,5,3.692,6.091,0.047,2.371,7.401,0.071,-21.57,0.5183,0.3218,0.3584,0.7592,0.5607,0.3237,0.0462
140,0,in_cluster,0,6,10,3.275,5.249,0.100,1.977,6.334,0.000,-20.12,0.5125,0.2274,0.1927,0.5819,0.4277,0.2659,0.0250
141,0,in_cluster,0,9,11,2.930,3.041,-0.059,2.085,2.565,0.698,-19.76,0.2293,0.1002,0.0482,0.1175,0.1021,0.4220,0.0636
142,0,in_cluster,0,1,11,3.691,3.800,0.457,2.053,4.022,0.002,-27.80,0.4605,0.1773,0.1002,0.5453,0.4566,0.4123,0.0617
143,0,in_cluster,0,1,5,3.570,4.188,-0.026,2.080,3.420,0.970,-27.47,0.5665,0.1233,0.0520,0.5877,0.4971,0.3295,0.0655
144,0,in_cluster,0,1,11,2.489,5.606,0.102,2.305,4.022,0.002,-24.20,0.3468,0.2158,0.2428,0.3295,0.3757,0.0848,0.0578
145,0,in_cluster,0,1,11,2.436,5.596,0.086,2.271,4.022,0.002,-24.07,0.3545,0.2216,0.2524,0.3584,0.3931,0.3198,0.0713
146,0,in_cluster,0,1,11,3.084,3.738,0.327,2.509,4.022,0.002,-22.73,0.4066,0.0443,0.0000,0.2486,0.2081,0.4027,0.1387
147,0,in_cluster,0,1,11,3.215,3.687,0.339,2.398,4.022,0.002,-21.58,0.4085,0.0809,0.0096,0.2062,0.1792,0.3622,0.1407
148,0,in_cluster,0,1,11,2.496,4.864,0.159,2.027,4.022,0.002,-24.22,0.2601,0.1850,0.1272,0.2274,0.3160,0.1715,0.1040
149,0,in_cluster,0,1,11,2.466,4.919,0.173,2.194,4.022,0.002,-24.14,0.3102,0.1580,0.1407,0.1850,0.2929,0.1676,0.1118
150,0,in_cluster,0,5,1,3.381,3.510,0.694,2.116,3.420,0.970,-27.25,0.8882,0.6590,0.7303,0.7341,0.8516,0.5202,0.1522
151,0,in_cluster,0,5,1,3.114,3.877,0.500,2.721,3.420,0.970,-28.51,0.8112,0.7476,0.7765,0.7303,0.8863,0.3545,0.1233
152,0,in_cluster,0,1,10,4.444,4.521,0.542,3.245,6.099,0.000,-30.84,0.7823,0.2023,0.0559,0.5645,0.5723,0.4374,0.0925
153,0,in_cluster,0,1,5,3.143,3.602,0.290,2.771,3.420,0.970,-26.04,0.6667,0.4393,0.3873,0.4432,0.6069,0.6012,0.0751
154,0,in_cluster,0,5,3,4.835,5.234,0.320,2.588,5.620,0.008,-36.70,0.9884,0.9210,0.9114,0.9788,0.9692,0.4046,0.4239
155,0,in_cluster,0,3,5,4.596,5.841,0.489,2.860,5.620,0.008,-34.05,0.9961,0.9961,0.9942,0.9904,0.9961,0.4200,0.7283
156,0,in_cluster,0,5,3,4.658,4.697,0.536,3.369,5.620,0.008,-34.42,0.9403,0.9923,0.9923,0.9306,0.9942,0.6224,0.8285
157,0,in_cluster,0,8,3,3.968,4.216,0.087,2.855,4.846,0.000,-25.85,0.7938,0.9056,0.9480,0.8478,0.9152,0.6455,0.7476
158,0,in_cluster,0,3,5,2.852,8.741,0.013,2.614,5.620,0.008,-27.56,0.7881,0.9595,0.9692,0.9557,0.9750,0.5973,0.7688
159,0,in_cluster,0,3,5,3.649,7.978,0.114,3.258,5.620,0.008,-30.14,0.9499,0.9615,0.9788,0.9229,0.9788,0.5954,0.7919
160,0,in_cluster,0,8,4,4.450,6.407,-0.400,3.479,3.657,0.476,-27.88,0.7996,0.9345,0.9557,0.7900,0.9538,0.7726,0.8324
161,0,in_cluster,0,8,4,2.826,5.422,-0.354,2.044,3.657,0.476,-21.97,0.5145,0.8998,0.9345,0.6840,0.8940,0.7534,0.8478
162,0,in_cluster,0,8,4,2.414,4.994,-0.326,1.695,3.657,0.476,-20.89,0.3892,0.8613,0.8902,0.5145,0.7495,0.8362,0.8748
163,0,in_cluster,0,8,4,3.487,5.085,-0.130,3.100,3.657,0.476,-24.06,0.5434,0.8921,0.9017,0.6262,0.8632,0.9114,0.8613
164,0,in_cluster,0,8,4,2.322,4.768,-0.220,1.974,3.657,0.476,-20.67,0.4451,0.8902,0.8998,0.5684,0.8208,0.9171,0.8593
165,0,in_cluster,0,8,4,2.479,4.819,-0.277,1.845,3.657,0.476,-21.05,0.3796,0.8786,0.8805,0.5511,0.7052,0.9037,0.8555
166,0,in_cluster,0,8,4,2.570,4.313,-0.131,1.913,3.657,0.476,-21.28,0.4432,0.8690,0.8767,0.6647,0.8266,0.9075,0.8536
167,0,in_cluster,0,4,5,2.476,3.721,0.063,2.555,3.510,0.114,-26.75,0.9595,0.9017,0.9191,0.9711,0.9634,0.9287,0.8516
168,0,in_cluster,0,4,5,2.506,3.979,0.108,2.524,3.510,0.114,-26.82,0.9441,0.8593,0.8728,0.9268,0.9133,0.9615,0.8170
169,0,in_cluster,0,11,5,2.173,4.363,0.109,1.932,4.224,0.182,-25.20,0.6166,0.5896,0.5665,0.6705,0.6012,0.9229,0.7592
170,0,in_cluster,0,11,5,2.229,3.960,0.137,1.865,4.224,0.182,-25.32,0.5857,0.4239,0.3468,0.4875,0.4663,0.6532,0.6859
171,0,in_cluster,0,11,5,2.721,3.866,0.227,2.445,4.224,0.182,-26.54,0.7572,0.5838,0.4682,0.5800,0.7129,0.5067,0.6204
172,0,in_cluster,0,11,5,2.938,3.945,0.242,2.666,4.224,0.182,-27.15,0.7784,0.6281,0.4817,0.5954,0.7842,0.4740,0.6224
173,0,in_cluster,0,11,5,3.060,3.765,0.249,2.533,4.224,0.182,-27.51,0.5742,0.5183,0.3218,0.4451,0.4297,0.4798,0.6262
174,0,in_cluster,0,11,5,3.051,3.686,0.265,2.515,4.224,0.182,-27.48,0.5703,0.5414,0.3526,0.4663,0.4200,0.5376,0.6320
175,0,in_cluster,0,11,5,3.525,3.765,0.313,2.810,4.224,0.182,-29.03,0.7418,0.6339,0.5164,0.5780,0.7938,0.5761,0.7245
176,0,in_cluster,0,11,5,3.631,3.771,0.336,2.913,4.224,0.182,-29.40,0.8015,0.6493,0.5742,0.5723,0.7746,0.6879,0.7534
177,0,in_cluster,0,11,5,2.545,4.500,0.143,2.503,4.224,0.182,-26.07,0.6513,0.5356,0.4470,0.4085,0.4008,0.6802,0.7071
178,0,in_cluster,0,11,5,2.706,3.022,0.422,2.116,4.224,0.182,-26.48,0.7514,0.6647,0.5761,0.7091,0.6397,0.5010,0.6493
179,0,in_cluster,0,5,11,3.087,3.290,0.457,2.499,4.224,0.182,-28.17,0.8382,0.7129,0.6513,0.8728,0.8382,0.6570,0.6628
180,0,in_cluster,0,11,5,2.536,4.395,0.287,2.365,4.224,0.182,-26.05,0.8092,0.6513,0.6435,0.7071,0.6975,0.8921,0.7052
181,0,in_cluster,0,11,5,2.270,5.679,0.044,2.386,4.224,0.182,-25.41,0.5376,0.5067,0.5222,0.5067,0.4432,0.8786,0.6840
182,0,in_cluster,0,11,1,2.778,4.783,0.317,2.833,4.022,0.002,-26.69,0.6281,0.3834,0.3911,0.4162,0.2563,0.8690,0.6994
183,0,in_cluster,0,11,4,2.097,5.991,-0.032,2.589,4.205,0.084,-25.04,0.6975,0.4355,0.5183,0.6493,0.4778,0.7322,0.6667
184,0,in_cluster,0,11,5,2.382,6.416,0.060,2.813,4.224,0.182,-25.67,0.6686,0.2890,0.4701,0.5857,0.4046,0.7746,0.6281
185,0,in_cluster,0,11,1,2.987,3.753,0.551,2.964,4.022,0.002,-13.08,0.0963,0.1676,0.2890,0.1118,0.1040,0.9094,0.5838
186,0,in_cluster,0,11,1,2.956,3.734,0.547,2.938,4.022,0.002,-12.57,0.0925,0.1426,0.2678,0.1002,0.0848,0.8902,0.5125
187,0,in_cluster,0,11,2,2.962,3.642,0.978,1.606,3.464,0.164,-11.99,0.0809,0.1407,0.2543,0.0829,0.0790,0.8420,0.5145
188,0,in_cluster,0,11,1,2.941,3.682,0.548,2.901,4.022,0.002,-12.62,0.0790,0.1310,0.2254,0.1079,0.0867,0.8150,0.4181
189,0,in_cluster,0,11,1,2.930,3.677,0.548,2.886,4.022,0.002,-12.27,0.0559,0.1214,0.2023,0.0732,0.0636,0.8054,0.2948
190,0,in_cluster,0,11,1,3.305,3.952,0.581,2.966,4.022,0.002,-17.03,0.2370,0.1175,0.2004,0.5703,0.2543,0.8343,0.2832
191,0,in_cluster,0,11,1,3.492,4.058,0.578,3.077,4.022,0.002,-20.85,0.2948,0.1156,0.1985,0.6551,0.2755,0.8208,0.2929
192,0,in_cluster,0,11,1,2.905,3.660,0.543,2.847,4.022,0.002,-14.18,0.0771,0.1195,0.1869,0.0867,0.0906,0.9191,0.3699
193,0,in_cluster,0,11,1,2.934,3.618,0.554,2.844,4.022,0.002,-14.59,0.0578,0.1118,0.1618,0.0771,0.0829,0.9306,0.3699
194,0,in_cluster,0,11,1,2.993,3.725,0.563,2.903,4.022,0.002,-12.79,0.0539,0.1060,0.1426,0.0694,0.0578,0.9152,0.3699
195,1,in_cluster,0,11,1,3.004,3.809,0.568,2.872,4.022,0.002,-27.04,0.5742,0.1060,0.1407,0.1965,0.1773,0.9846,0.3699
196,1,valley,0,5,1,5.530,6.550,0.866,4.706,3.420,0.970,-41.01,0.7881,0.3468,0.4990,0.9075,0.8150,1.0000,0.3699
197,1,in_cluster,0,5,1,4.995,8.106,0.529,5.318,3.420,0.970,-38.43,0.8921,0.7168,0.7148,0.9075,0.8574,1.0000,0.7418
198,1,in_cluster,0,1,5,4.108,4.851,0.218,3.037,3.420,0.970,-29.54,0.8092,0.7900,0.7630,0.8516,0.8593,1.0000,0.7784
199,0,in_cluster,0,1,5,3.436,4.344,0.222,2.240,3.420,0.970,-27.00,0.8459,0.8362,0.8208,0.7630,0.8497,0.9056,0.7264
200,0,in_cluster,0,5,1,2.461,4.118,0.303,1.993,3.420,0.970,-28.54,0.8748,0.9634,0.9615,0.8613,0.9326,0.7996,0.9326
201,0,in_cluster,0,5,1,2.719,5.088,0.256,2.204,3.420,0.970,-29.64,0.8073,0.9653,0.9595,0.8304,0.9345,0.7052,0.6513
202,1,in_cluster,0,4,5,4.783,5.010,0.473,3.363,3.510,0.114,-35.09,0.9518,0.9326,0.9287,0.9499,0.9692,0.9538,0.5934
203,1,in_cluster,0,4,5,5.079,5.644,0.433,3.775,3.510,0.114,-36.58,0.9730,0.9538,0.9595,0.9672,0.9788,0.9981,0.6301
204,1,beyond,0,4,5,5.526,7.934,-0.093,5.090,3.510,0.114,-38.95,0.8497,0.9923,0.9923,1.0000,0.8960,1.0000,0.9981
205,1,in_cluster,0,4,3,4.829,5.790,0.207,3.911,4.845,0.000,-35.34,0.8748,1.0000,1.0000,1.0000,0.8863,1.0000,0.9981
206,1,valley,1,3,4,6.860,7.141,0.792,5.055,4.845,0.000,-46.91,0.9210,1.0000,1.0000,0.9961,0.8844,1.0000,0.9981
207,1,in_cluster,0,3,5,4.933,8.016,0.132,3.424,5.620,0.008,-35.65,0.8921,1.0000,1.0000,0.9961,0.9672,1.0000,0.9981
208,1,in_cluster,0,3,5,5.400,11.786,-0.363,3.265,5.620,0.008,-38.07,0.9345,1.0000,1.0000,1.0000,0.9904,1.0000,0.9981
209,1,off,0,5,4,7.440,10.224,1.378,6.643,3.510,0.114,-53.63,0.9981,1.0000,1.0000,1.0000,0.9961,0.9981,0.9981
210,1,in_cluster,0,4,5,5.237,5.916,0.057,4.374,3.510,0.114,-37.40,0.9480,1.0000,1.0000,0.9961,0.9942,1.0000,0.9981
211,1,valley,1,5,11,7.194,8.608,0.549,5.078,4.224,0.182,-51.83,0.9904,1.0000,0.9981,1.0000,0.9865,1.0000,0.9981
212,1,valley,1,3,5,5.608,7.277,0.391,5.141,5.620,0.008,-39.21,0.9942,1.0000,1.0000,0.9961,1.0000,0.9942,0.9981
213,0,off,0,5,4,7.925,12.839,1.291,7.443,3.510,0.114,-57.36,0.9981,0.9981,0.9981,0.9981,0.9981,0.9788,0.9961
214,0,beyond,0,4,5,5.746,6.693,-0.115,5.073,3.510,0.114,-40.18,0.9750,0.9942,0.9961,0.9923,0.9865,0.9807,0.9942
215,0,beyond,0,4,8,5.760,6.358,1.275,3.513,3.657,0.476,-38.07,0.9788,0.9904,0.9904,0.9827,0.9807,0.9499,0.9884
216,0,in_cluster,0,8,4,3.705,5.791,-0.504,2.116,3.657,0.476,-24.84,0.7187,0.9827,0.9846,0.8921,0.9017,0.9480,0.9249
217,0,in_cluster,0,8,4,3.547,5.610,-0.463,2.100,3.657,0.476,-24.27,0.4740,0.9538,0.9576,0.6301,0.8092,0.9827,0.9441
218,0,in_cluster,0,8,5,3.265,5.698,-0.056,2.434,6.250,0.007,-23.31,0.4721,0.9480,0.9499,0.6185,0.8035,0.9769,0.9480
219,0,in_cluster,0,8,5,3.218,5.583,-0.034,2.446,6.250,0.007,-23.16,0.5067,0.9441,0.9403,0.6050,0.7823,0.9711,0.9422
220,0,in_cluster,0,8,5,3.074,5.505,-0.019,2.386,6.250,0.007,-22.70,0.4798,0.9422,0.9383,0.5992,0.7514,0.9730,0.9461
221,0,in_cluster,0,8,5,3.157,5.455,-0.008,2.419,6.250,0.007,-22.96,0.5029,0.9499,0.9441,0.6108,0.7283,0.9441,0.9538
222,0,in_cluster,0,8,5,3.935,5.027,0.090,2.758,6.250,0.007,-25.72,0.9037,0.9557,0.9538,0.8170,0.8593,0.9518,0.9576
223,0,in_cluster,0,8,5,3.519,4.973,0.105,2.901,6.250,0.007,-24.17,0.9152,0.9576,0.9422,0.8632,0.8825,0.8940,0.9557
224,0,beyond,0,5,4,5.723,6.086,1.045,4.559,3.510,0.114,-41.57,0.9846,0.9807,0.9653,0.9461,0.9210,0.9538,0.9518
225,0,valley,1,5,4,5.901,6.341,0.933,4.775,3.510,0.114,-41.90,0.9769,0.9788,0.9634,0.9480,0.9480,0.9981,0.9152
226,0,in_cluster,0,8,5,4.551,5.708,0.215,3.974,6.250,0.007,-28.33,0.7283,0.9403,0.8979,0.7495,0.7919,0.9961,0.8863
227,0,in_cluster,0,8,5,4.422,5.575,0.224,3.854,6.250,0.007,-27.75,0.7765,0.9326,0.8786,0.7688,0.7803,0.9865,0.8632
228,0,in_cluster,0,8,5,4.345,5.954,0.205,4.211,6.250,0.007,-27.42,0.5780,0.8979,0.8536,0.6204,0.6204,0.9923,0.8671
229,0,in_cluster,0,11,4,4.931,5.975,0.596,3.593,4.205,0.084,-34.99,0.7630,0.8882,0.8401,0.6956,0.6378,0.9634,0.8651
230,0,in_cluster,0,11,4,4.004,5.818,0.498,3.362,4.205,0.084,-30.85,0.8054,0.7938,0.7861,0.7649,0.6590,0.9595,0.8497
231,0,in_cluster,0,11,1,3.911,5.133,0.626,3.925,4.022,0.002,-30.46,0.7225,0.5800,0.6840,0.3776,0.2351,0.9846,0.8054
232,0,in_cluster,0,11,1,4.068,5.180,0.670,4.061,4.022,0.002,-23.88,0.6859,0.5260,0.6455,0.2505,0.1773,0.9672,0.7649
233,0,in_cluster,0,11,1,3.967,5.058,0.662,3.963,4.022,0.002,-23.72,0.6763,0.4740,0.6089,0.2524,0.1811,0.9557,0.7553
234,0,in_cluster,0,11,1,3.325,4.404,0.607,3.319,4.022,0.002,-28.28,0.5896,0.3873,0.5414,0.1811,0.1965,0.9576,0.7091
235,1,in_cluster,0,11,1,3.257,4.194,0.550,2.653,4.022,0.002,-27.98,0.6859,0.3025,0.4817,0.7341,0.5530,0.9904,0.6647
236,1,in_cluster,0,11,1,3.303,3.397,0.649,2.605,4.022,0.002,-26.65,0.6782,0.3064,0.5106,0.7688,0.5453,0.9981,0.7187
237,1,in_cluster,0,11,1,2.659,2.667,0.530,2.347,4.022,0.002,-24.49,0.6551,0.3083,0.5010,0.4701,0.3584,0.9383,0.7380
238,1,in_cluster,0,11,1,2.789,3.409,0.512,2.651,4.022,0.002,-26.12,0.5241,0.2351,0.3680,0.4798,0.3815,0.6802,0.6956
239,0,in_cluster,0,11,1,3.044,4.253,0.490,3.076,4.022,0.002,-21.02,0.2832,0.1908,0.3198,0.2852,0.1753,0.7592,0.6917
240,0,in_cluster,0,11,1,2.762,3.901,0.455,2.915,4.022,0.002,-19.94,0.1252,0.1734,0.2987,0.1195,0.1175,0.9133,0.6127
241,0,in_cluster,0,11,1,2.800,3.960,0.457,2.945,4.022,0.002,-20.43,0.1407,0.1541,0.2852,0.1156,0.1214,0.8979,0.5626
242,0,in_cluster,0,11,1,2.810,3.960,0.469,2.938,4.022,0.002,-16.03,0.1060,0.1368,0.2563,0.0906,0.1195,0.9210,0.5183
243,0,in_cluster,0,6,1,2.840,6.503,-0.005,2.163,3.941,0.015,-18.79,0.5530,0.2909,0.4952,0.8035,0.5800,0.9403,0.5222
244,0,in_cluster,0,6,5,2.704,6.638,0.121,2.467,7.401,0.071,-18.41,0.3950,0.6301,0.6898,0.8189,0.6840,0.9326,0.6879
245,0,in_cluster,0,1,5,2.942,6.121,-0.033,2.874,3.420,0.970,-25.43,0.6744,0.8343,0.8478,0.8092,0.8362,0.8478,0.7996
246,0,in_cluster,0,1,5,2.098,5.368,-0.015,2.296,3.420,0.970,-23.30,0.4817,0.7823,0.7842,0.6166,0.6859,0.9692,0.7187
247,0,in_cluster,0,1,5,2.139,5.247,-0.035,2.210,3.420,0.970,-23.39,0.4489,0.7669,0.7630,0.6397,0.6224,0.9942,0.8131
248,1,in_cluster,0,1,5,2.178,5.448,-0.077,2.242,3.420,0.970,-23.47,0.5954,0.9615,0.9692,1.0000,0.6532,0.9865,0.9981
249,1,in_cluster,0,1,5,3.790,4.739,-0.106,3.194,3.420,0.970,-28.28,0.8536,0.9981,0.9981,1.0000,0.7322,1.0000,0.9981
250,1,in_cluster,0,1,5,3.660,4.235,0.181,3.284,3.420,0.970,-27.80,0.9037,0.9981,0.9981,1.0000,0.9345,1.0000,0.9981
251,1,in_cluster,0,5,1,4.187,4.460,0.600,3.417,3.420,0.970,-31.02,0.9730,0.9672,0.9653,0.9961,0.9672,1.0000,0.9981
252,0,in_cluster,0,1,5,2.878,4.810,0.078,2.537,3.420,0.970,-25.24,0.7148,0.8825,0.8690,0.7148,0.8748,0.7572,0.7206
253,0,in_cluster,0,1,5,2.262,4.330,0.125,1.967,3.420,0.970,-23.66,0.6551,0.9094,0.9056,0.8748,0.9441,0.6474,0.8092
254,0,in_cluster,0,5,1,3.059,4.601,0.418,2.255,3.420,0.970,-30.34,0.8902,0.9750,0.9711,0.8940,0.9769,0.4894,0.8401
255,0,in_cluster,0,5,3,3.024,6.152,0.100,3.423,5.620,0.008,-30.53,0.8247,0.9711,0.9750,0.8131,0.9672,0.6397,0.8709
256,0,in_cluster,0,4,8,3.723,4.495,0.723,3.229,3.657,0.476,-28.00,0.7553,0.8805,0.8882,0.7553,0.8651,0.8805,0.8902
257,0,in_cluster,0,5,4,4.771,4.973,0.398,2.998,3.510,0.114,-35.81,0.9518,0.9364,0.9326,0.9730,0.9557,0.7669,0.8786
258,0,in_cluster,0,4,5,4.076,4.932,0.504,3.177,3.510,0.114,-31.99,0.9461,0.9461,0.9461,0.8979,0.9287,0.7148,0.8112
259,0,in_cluster,0,4,5,3.528,5.037,0.193,3.021,3.510,0.114,-29.82,0.6185,0.8960,0.9210,0.7996,0.8478,0.7823,0.7861
260,0,in_cluster,0,5,4,2.454,4.726,0.274,2.729,3.510,0.114,-28.96,0.7977,0.8651,0.8651,0.9056,0.9094,0.5992,0.8382
261,0,in_cluster,0,5,4,2.458,5.060,0.207,2.748,3.510,0.114,-28.98,0.8304,0.8092,0.7592,0.9615,0.8979,0.5183,0.8266
262,0,in_cluster,0,5,1,2.149,4.535,-0.099,1.922,3.420,0.970,-28.22,0.8690,0.9191,0.9171,0.9075,0.9306,0.5337,0.8728
263,0,in_cluster,0,5,1,2.250,4.892,-0.213,1.933,3.420,0.970,-28.48,0.9210,0.9249,0.9249,0.9538,0.9364,0.5530,0.7881
264,0,in_cluster,0,5,1,2.611,4.239,-0.155,2.210,3.420,0.970,-28.97,0.8632,0.9171,0.9075,0.8150,0.9249,0.7630,0.9595
265,0,in_cluster,0,5,1,2.761,4.507,-0.233,2.204,3.420,0.970,-29.56,0.8805,0.9229,0.9133,0.8401,0.9383,0.8227,0.9094
266,0,in_cluster,0,5,1,2.650,3.584,0.237,2.321,3.420,0.970,-27.29,0.7033,0.8478,0.7881,0.6628,0.6667,0.6281,0.9615
267,0,in_cluster,0,5,1,3.029,3.673,0.350,2.640,3.420,0.970,-27.68,0.6821,0.8632,0.8112,0.7052,0.5857,0.7495,0.9807
268,0,in_cluster,0,11,5,4.034,4.202,0.522,3.522,4.224,0.182,-30.88,0.8940,0.8555,0.8131,0.7881,0.7380,0.6975,0.9865
269,0,in_cluster,0,5,11,3.270,4.640,0.258,3.324,4.224,0.182,-31.19,0.9364,0.8940,0.8825,0.8844,0.8805,0.6262,0.9827
270,0,in_cluster,0,5,4,3.180,4.909,0.309,3.201,3.510,0.114,-30.90,0.9923,0.9133,0.9094,0.9961,0.9056,0.6782,0.9827
271,0,in_cluster,0,5,1,2.923,5.510,0.038,3.075,3.420,0.970,-30.23,0.9904,0.9037,0.9037,0.9884,0.8555,0.5626,0.9056
272,0,in_cluster,0,5,11,3.181,4.776,0.309,2.880,4.224,0.182,-30.91,0.7399,0.8728,0.8748,0.7958,0.8054,0.4875,0.9037
273,0,in_cluster,0,5,11,2.774,4.751,0.236,2.671,4.224,0.182,-29.75,0.7669,0.8516,0.8362,0.8285,0.8247,0.6146,0.9306
274,0,in_cluster,0,5,11,2.894,4.042,0.262,2.261,4.224,0.182,-29.06,0.6609,0.7784,0.7476,0.7168,0.7245,0.5395,0.9210
275,0,in_cluster,0,5,11,3.902,4.526,0.242,2.735,4.224,0.182,-32.37,0.8420,0.7707,0.7823,0.9210,0.8227,0.6320,0.9191
276,0,in_cluster,0,11,5,4.559,5.284,0.648,3.175,4.224,0.182,-33.21,0.9306,0.6724,0.7437,0.8805,0.8324,0.9422,0.6146
277,0,in_cluster,0,11,1,2.684,3.916,0.484,2.755,4.022,0.002,-26.35,0.7649,0.1599,0.3102,0.5626,0.2601,0.9383,0.5568
278,0,in_cluster,0,11,1,2.814,3.892,0.534,2.839,4.022,0.002,-19.24,0.1040,0.0886,0.1792,0.0848,0.0963,0.6628,0.4855
279,0,in_cluster,0,11,6,2.852,3.874,0.586,2.739,3.891,0.000,-16.01,0.0655,0.0848,0.1715,0.0617,0.0617,0.7283,0.4990
280,0,in_cluster,0,11,6,2.868,3.725,0.595,2.744,3.891,0.000,-13.27,0.0732,0.0655,0.1252,0.0790,0.0713,0.7418,0.4104
281,0,in_cluster,0,11,6,2.863,3.565,0.608,2.702,3.891,0.000,-12.98,0.0443,0.0694,0.1329,0.0983,0.0944,0.6936,0.2987
282,0,in_cluster,0,11,6,2.742,3.334,0.577,2.624,3.891,0.000,-12.27,0.0636,0.0617,0.1214,0.1214,0.1137,0.7013,0.3160
283,1,in_cluster,0,11,6,2.616,3.143,0.578,2.403,3.891,0.000,-19.03,0.1850,0.6339,0.8998,0.8940,0.1252,0.7418,1.0000
284,1,in_cluster,0,11,1,2.717,3.522,0.485,2.395,4.022,0.002,-24.01,0.2543,0.9345,0.9884,0.8112,0.1252,0.9171,1.0000
285,1,in_cluster,0,11,1,2.635,3.389,0.502,2.397,4.022,0.002,-22.37,0.3025,0.7129,0.9364,0.8940,0.1195,0.8555,1.0000
286,0,in_cluster,0,11,1,3.242,3.992,0.494,2.943,4.022,0.002,-25.11,0.4913,0.0347,0.1734,0.7514,0.3256,0.7187,0.2370
287,0,in_cluster,0,11,1,3.393,4.025,0.452,3.076,4.022,0.002,-23.89,0.7052,0.0559,0.0925,0.8593,0.3333,0.4624,0.1869
288,0,in_cluster,0,6,1,2.431,4.806,-0.007,1.513,3.941,0.015,-17.71,0.3006,0.2119,0.3044,0.5048,0.3025,0.4933,0.1676
289,0,in_cluster,0,6,5,2.311,6.061,0.056,1.965,7.401,0.071,-17.43,0.4258,0.4605,0.5954,0.7803,0.5973,0.4721,0.1329
290,0,in_cluster,0,6,5,3.396,4.968,0.200,1.999,7.401,0.071,-20.52,0.5511,0.3391,0.3815,0.6339,0.4855,0.5106,0.1175
291,0,in_cluster,0,11,6,2.934,3.223,0.709,2.192,3.891,0.000,-19.77,0.1965,0.1445,0.1195,0.1368,0.1445,0.8189,0.1098
292,0,in_cluster,0,10,9,5.229,5.493,0.813,4.731,3.459,0.052,-31.11,0.9692,0.5395,0.6108,0.8863,0.7784,0.6551,0.1946
293,0,valley,1,9,10,5.488,5.848,0.243,5.079,3.459,0.052,-31.09,0.9730,0.6204,0.6320,0.8882,0.7669,0.3025,0.2100
294,0,in_cluster,0,10,11,2.219,3.237,0.252,2.249,3.799,0.008,-25.08,0.4586,0.2351,0.2293,0.2640,0.2697,0.0250,0.3854
295,0,in_cluster,0,10,3,2.742,6.524,0.075,2.691,6.139,0.000,-27.03,0.8478,0.5703,0.5511,0.7765,0.6956,0.0366,0.3873
296,0,in_cluster,0,10,3,3.896,7.240,0.077,3.777,6.139,0.000,-30.86,0.9094,0.7919,0.7669,0.9518,0.9268,0.0424,0.4624
297,0,in_cluster,0,10,11,2.426,7.152,-0.120,2.119,3.799,0.008,-26.21,0.6204,0.6917,0.6975,0.7572,0.6782,0.2235,0.4663
298,0,in_cluster,0,10,0,2.781,3.814,0.406,2.501,4.292,0.020,-20.23,0.1618,0.4277,0.5299,0.2293,0.3198,0.3006,0.5279
299,0,in_cluster,0,10,7,2.650,3.223,0.961,2.000,2.783,0.323,-17.53,0.1657,0.4008,0.5202,0.3218,0.3295,0.3950,0.6551
300,0,in_cluster,0,11,0,3.456,5.048,0.861,2.784,3.534,0.151,-28.18,0.4027,0.6455,0.6821,0.4778,0.6686,0.2004,0.7033
301,0,in_cluster,0,11,0,3.182,4.794,0.832,2.551,3.534,0.151,-27.09,0.3854,0.6821,0.6609,0.3796,0.5954,0.0289,0.6647
302,0,in_cluster,0,10,7,2.651,2.737,1.123,1.335,2.783,0.323,-16.08,0.1079,0.4509,0.4220,0.2254,0.2331,0.1098,0.5337
303,0,in_cluster,0,10,0,2.682,3.283,0.457,2.010,4.292,0.020,-18.05,0.1002,0.4258,0.4586,0.2466,0.2466,0.1021,0.4027
304,0,in_cluster,0,7,10,2.429,2.448,0.024,1.311,2.783,0.323,-15.29,0.1137,0.4701,0.4894,0.2023,0.2023,0.1079,0.3661
305,0,in_cluster,0,7,10,1.714,2.201,0.060,1.053,2.783,0.323,-13.81,0.0944,0.4027,0.4566,0.1522,0.1541,0.2832,0.4162
306,0,in_cluster,0,0,11,4.940,6.197,0.009,4.203,3.534,0.151,-28.40,0.8671,0.3622,0.4432,0.7476,0.6493,0.3391,0.4220
307,0,in_cluster,0,0,11,1.860,2.621,0.076,1.121,3.534,0.151,-17.92,0.0867,0.6262,0.6551,0.1329,0.3738,0.3815,0.3796
308,0,in_cluster,0,0,4,3.404,4.150,0.283,2.832,6.694,0.003,-21.99,0.6628,0.6031,0.6185,0.5607,0.4605,0.2813,0.2274
309,0,in_cluster,0,11,10,3.177,3.482,0.546,2.440,3.799,0.008,-23.26,0.2312,0.3449,0.3892,0.2177,0.2640,0.2794,0.2004
310,0,in_cluster,0,0,11,2.706,3.386,0.085,2.160,3.534,0.151,-19.86,0.2678,0.3911,0.4663,0.2813,0.4085,0.2967,0.2158
311,0,in_cluster,0,10,0,3.242,3.711,0.558,2.751,4.292,0.020,-20.51,0.2331,0.4046,0.4990,0.4220,0.4913,0.3642,0.2389
312,0,in_cluster,0,10,0,2.679,2.727,0.564,2.317,4.292,0.020,-19.62,0.1888,0.4586,0.5703,0.3410,0.3410,0.2351,0.2293
313,0,in_cluster,0,10,0,2.479,2.684,0.533,2.222,4.292,0.020,-16.51,0.1599,0.4836,0.5626,0.2659,0.2620,0.1175,0.4470
314,0,in_cluster,0,7,10,1.974,2.655,-0.153,1.126,2.783,0.323,-14.29,0.2119,0.4817,0.5568,0.4143,0.4412,0.1137,0.6089
315,0,in_cluster,0,0,7,3.293,3.421,0.780,2.834,3.521,0.000,-18.16,0.2100,0.5626,0.6204,0.4682,0.4798,0.1214,0.7013
316,0,in_cluster,0,0,10,3.543,3.695,0.330,2.880,4.292,0.020,-19.16,0.2254,0.6243,0.6243,0.4547,0.4624,0.0539,0.7168
317,0,in_cluster,0,10,7,2.495,2.684,1.109,0.997,2.783,0.323,-15.94,0.0983,0.5934,0.5838,0.2197,0.1888,0.1657,0.6705
318,0,in_cluster,0,7,10,2.345,2.776,-0.220,1.200,2.783,0.323,-15.09,0.1792,0.5491,0.5607,0.2582,0.2389,0.1561,0.6012
319,0,in_cluster,0,7,10,2.028,2.463,-0.084,0.920,2.783,0.323,-14.39,0.1175,0.5742,0.5723,0.2736,0.2852,0.0790,0.5010
320,0,in_cluster,0,10,7,2.665,2.751,1.063,1.304,2.783,0.323,-16.12,0.1368,0.5202,0.5145,0.1908,0.2158,0.1118,0.4046
321,0,in_cluster,0,7,10,2.444,2.565,-0.117,1.072,2.783,0.323,-15.32,0.0713,0.4143,0.4528,0.1503,0.1580,0.2023,0.2813
322,0,in_cluster,0,7,10,2.257,2.474,-0.057,1.034,2.783,0.323,-14.88,0.0617,0.4123,0.4721,0.1445,0.1850,0.1985,0.2428
323,0,in_cluster,0,7,10,1.751,2.508,0.026,1.285,2.783,0.323,-13.87,0.0848,0.4162,0.4200,0.1599,0.2062,0.0520,0.2543
324,0,in_cluster,0,7,10,1.463,2.347,-0.022,0.950,2.783,0.323,-13.41,0.0597,0.3661,0.3622,0.1464,0.1464,0.0405,0.3237
325,0,in_cluster,0,11,0,2.669,4.424,0.819,1.470,3.534,0.151,-25.40,0.2023,0.6628,0.6859,0.3430,0.5549,0.3661,0.3449
326,0,in_cluster,0,11,0,2.616,3.961,0.811,1.772,3.534,0.151,-23.94,0.2852,0.6840,0.6956,0.3468,0.6281,0.3353,0.3006
327,0,in_cluster,0,10,7,3.101,3.191,0.975,2.291,2.783,0.323,-17.43,0.2389,0.4066,0.4913,0.3545,0.3969,0.0713,0.2852
328,0,in_cluster,0,10,7,2.613,2.912,0.899,1.904,2.783,0.323,-16.57,0.1310,0.4412,0.5395,0.2004,0.2216,0.0829,0.5260
329,0,in_cluster,0,10,7,2.446,2.487,0.954,1.616,2.783,0.323,-15.43,0.1214,0.4566,0.5491,0.2331,0.2524,0.0501,0.6570
330,0,in_cluster,0,11,0,3.299,5.110,1.061,1.879,3.534,0.151,-27.96,0.1445,0.7013,0.7457,0.3565,0.5645,0.2100,0.7360
331,0,in_cluster,0,11,0,3.037,4.057,1.026,1.485,3.534,0.151,-24.38,0.1484,0.7322,0.7649,0.2620,0.5048,0.5299,0.7630
332,0,in_cluster,0,0,11,3.402,4.422,-0.058,3.040,3.534,0.151,-21.98,0.8131,0.6898,0.6879,0.5549,0.7322,0.3333,0.7803
333,0,in_cluster,0,11,0,3.364,4.237,0.907,2.514,3.534,0.151,-25.14,0.4759,0.7187,0.7033,0.4374,0.7168,0.1195,0.7514
334,0,in_cluster,0,0,11,3.049,3.258,0.194,2.312,3.534,0.151,-20.84,0.4836,0.6435,0.6127,0.5241,0.4143,0.0886,0.6339
335,0,in_cluster,0,7,10,2.443,2.636,-0.040,1.549,2.783,0.323,-15.32,0.1156,0.5145,0.4798,0.2081,0.2370,0.0983,0.4798
336,0,in_cluster,0,7,10,1.638,2.571,-0.130,1.087,2.783,0.323,-13.68,0.0886,0.3969,0.4451,0.1985,0.1830,0.2948,0.3487
337,0,in_cluster,0,7,10,1.590,2.373,-0.021,0.997,2.783,0.323,-13.60,0.0694,0.4104,0.4547,0.1484,0.1599,0.3449,0.3584
338,0,in_cluster,0,11,10,2.890,4.886,0.566,2.326,3.799,0.008,-27.01,0.5568,0.5973,0.6050,0.6821,0.6936,0.3603,0.3545
339,0,in_cluster,0,11,4,2.791,4.997,0.065,2.871,4.205,0.084,-26.73,0.5684,0.4200,0.4740,0.7707,0.7765,0.4855,0.3468
340,0,in_cluster,0,11,5,2.845,5.371,0.081,2.859,4.224,0.182,-26.88,0.9615,0.5684,0.6647,0.9422,0.7900,0.6358,0.3410
341,0,in_cluster,0,11,5,2.905,5.074,0.143,2.789,4.224,0.182,-27.06,0.9672,0.6069,0.6705,0.9287,0.7418,0.9461,0.3314
342,0,in_cluster,0,11,9,2.256,4.038,0.420,2.301,2.565,0.698,-23.92,0.3353,0.2447,0.1773,0.3121,0.2119,0.9750,0.2254
343,0,in_cluster,0,11,4,2.277,4.253,0.028,1.837,4.205,0.084,-24.62,0.3757,0.2197,0.1349,0.3256,0.3314,0.6069,0.1696
344,0,in_cluster,0,11,5,2.749,4.733,-0.046,1.831,4.224,0.182,-26.62,0.6994,0.2659,0.2601,0.5414,0.4104,0.2447,0.1291
345,0,in_cluster,0,11,5,2.563,5.337,-0.052,2.349,4.224,0.182,-26.11,0.6378,0.1965,0.2100,0.5202,0.3141,0.2563,0.0771
346,0,in_cluster,0,11,9,2.325,2.832,0.802,1.919,2.565,0.698,-20.04,0.2736,0.0944,0.0597,0.0886,0.0751,0.3160,0.0732
347,0,in_cluster,0,11,9,2.319,3.001,0.803,1.926,2.565,0.698,-20.53,0.2274,0.1329,0.1060,0.2370,0.1291,0.9904,0.1773
348,0,in_cluster,0,11,9,2.618,3.253,0.910,2.033,2.565,0.698,-21.31,0.1773,0.1696,0.1638,0.2929,0.1676,0.9884,0.2505
349,0,in_cluster,0,11,9,2.554,4.254,0.875,2.035,2.565,0.698,-24.77,0.5318,0.1291,0.0809,0.4104,0.1927,0.2119,0.2601
350,0,in_cluster,0,11,9,2.549,5.188,0.846,2.225,2.565,0.698,-26.05,0.6301,0.7514,0.7977,0.5973,0.2004,0.5742,0.9788
351,0,in_cluster,0,11,9,2.393,4.694,0.838,1.994,2.565,0.698,-25.47,0.5607,0.8536,0.8863,0.6570,0.1638,0.8536,0.9923
352,0,in_cluster,0,11,6,2.413,3.781,0.526,2.098,3.891,0.000,-21.76,0.3776,0.2235,0.2967,0.2909,0.0694,0.7688,0.3218
353,0,in_cluster,0,11,6,2.485,2.957,0.576,2.112,3.891,0.000,-18.81,0.0751,0.0366,0.0405,0.0482,0.0366,0.6609,0.3256
354,0,in_cluster,0,11,6,2.525,2.667,0.593,2.145,3.891,0.000,-15.59,0.0462,0.0270,0.0289,0.0308,0.0308,0.5164,0.2640
355,0,in_cluster,0,11,6,2.606,2.607,0.613,2.203,3.891,0.000,-14.96,0.0366,0.0154,0.0270,0.0135,0.0058,0.4162,0.2331
356,0,in_cluster,0,11,6,2.591,2.681,0.609,2.200,3.891,0.000,-14.93,0.0501,0.0135,0.0250,0.0193,0.0000,0.3565,0.2312
357,0,in_cluster,0,11,6,2.602,2.603,0.610,2.200,3.891,0.000,-15.19,0.0424,0.0385,0.0347,0.0250,0.0039,0.3218,0.2563
358,0,in_cluster,0,11,6,2.572,2.680,0.622,2.193,3.891,0.000,-14.47,0.0250,0.0405,0.0443,0.0347,0.0328,0.2775,0.2139
359,0,in_cluster,0,11,6,2.541,2.711,0.634,2.163,3.891,0.000,-13.89,0.0347,0.0308,0.0328,0.0424,0.0424,0.1927,0.1156
360,1,in_cluster,0,6,11,2.509,2.600,0.356,2.162,3.891,0.000,-12.70,0.0212,0.0096,0.0250,0.0366,0.0289,0.1233,0.0443
361,1,in_cluster,0,6,11,2.416,2.630,0.363,2.163,3.891,0.000,-12.51,0.0193,0.0096,0.0250,0.0559,0.0385,0.5973,0.0250
362,1,in_cluster,0,6,11,2.585,2.607,0.360,2.154,3.891,0.000,-12.67,0.0193,0.0096,0.0250,0.0501,0.0405,0.6146,0.0212
363,0,in_cluster,0,11,6,2.553,2.696,0.653,2.129,3.891,0.000,-15.52,0.0231,0.0058,0.0077,0.0154,0.0173,0.0270,0.0173
364,0,in_cluster,0,6,11,2.588,2.618,0.330,2.147,3.891,0.000,-14.49,0.0270,0.0019,0.0116,0.0231,0.0077,0.0462,0.0135
365,0,in_cluster,0,6,11,2.579,2.599,0.331,2.131,3.891,0.000,-12.61,0.0212,0.0000,0.0039,0.0039,0.0019,0.0482,0.0193
366,0,in_cluster,0,6,11,2.553,2.571,0.331,2.113,3.891,0.000,-13.08,0.0308,0.0039,0.0058,0.0096,0.0116,0.0617,0.0154
367,0,in_cluster,0,6,1,2.116,5.015,-0.111,0.861,3.941,0.015,-17.00,0.2967,0.1272,0.1387,0.4528,0.1869,0.0308,0.0462
368,0,in_cluster,0,6,1,1.557,5.244,-0.085,0.770,3.941,0.015,-15.97,0.3064,0.1484,0.1696,0.5395,0.2717,0.0597,0.0443
369,0,in_cluster,0,6,11,1.585,3.074,0.153,1.670,3.891,0.000,-16.01,0.2987,0.0713,0.0385,0.1272,0.1233,0.0674,0.0116
370,0,in_cluster,0,6,10,2.985,4.726,0.170,1.760,6.334,0.000,-19.21,0.4971,0.2524,0.2640,0.5530,0.3565,0.2331,0.0790
371,0,in_cluster,0,10,5,5.312,5.505,0.284,3.526,6.302,0.000,-37.35,0.9133,0.3141,0.2717,0.7977,0.7071,0.2312,0.0790
372,0,in_cluster,0,11,1,4.214,4.580,0.496,3.572,4.022,0.002,-30.95,0.7264,0.2428,0.0790,0.5896,0.5087,0.6994,0.0559
373,0,in_cluster,0,11,1,2.969,3.304,0.506,2.408,4.022,0.002,-26.15,0.4355,0.2755,0.1233,0.3526,0.3179,0.7861,0.1638
374,0,in_cluster,0,11,1,2.733,4.200,0.426,2.503,4.022,0.002,-26.54,0.5549,0.2948,0.1753,0.4489,0.4181,0.8497,0.4123
375,0,in_cluster,0,11,5,4.983,5.422,0.063,3.257,4.224,0.182,-35.21,0.9249,0.2967,0.2486,0.8382,0.6050,0.7110,0.5356
376,0,in_cluster,0,11,9,3.247,3.534,0.860,2.291,2.565,0.698,-22.27,0.2697,0.3699,0.3372,0.3449,0.3237,0.6590,0.5087
377,0,in_cluster,0,11,1,2.720,4.703,0.313,2.449,4.022,0.002,-26.48,0.4239,0.3333,0.2909,0.3642,0.2177,0.7900,0.4143
378,0,in_cluster,0,11,9,2.391,3.013,0.895,1.406,2.565,0.698,-20.38,0.2235,0.2062,0.1310,0.1349,0.1368,0.7649,0.3622
379,0,in_cluster,0,10,11,3.484,4.154,0.510,2.889,3.799,0.008,-25.96,0.4335,0.3295,0.3276,0.5934,0.3815,0.7765,0.2582
380,0,in_cluster,0,10,9,3.481,4.277,0.772,2.682,3.459,0.052,-25.16,0.4566,0.3507,0.3121,0.6127,0.3545,0.6493,0.2119
381,0,in_cluster,0,9,10,3.088,3.252,0.209,2.832,3.459,0.052,-20.80,0.4952,0.3680,0.3256,0.6667,0.5299,0.4759,0.1908
382,0,in_cluster,0,9,10,3.356,3.438,0.456,2.811,3.459,0.052,-21.66,0.5645,0.4181,0.3545,0.6802,0.5202,0.3699,0.1715
383,0,in_cluster,0,10,11,1.613,2.960,0.193,1.740,3.799,0.008,-21.11,0.4181,0.1869,0.0751,0.1946,0.2948,0.6647,0.1503
384,0,in_cluster,0,11,9,2.917,2.923,0.892,2.048,2.565,0.698,-20.30,0.4104,0.2408,0.1850,0.1734,0.3430,0.8266,0.1195
385,0,in_cluster,0,11,9,2.963,3.287,0.799,2.145,2.565,0.698,-21.43,0.4008,0.2601,0.2216,0.1696,0.3584,0.8304,0.1079
386,0,in_cluster,0,10,3,4.339,4.538,0.391,2.956,6.139,0.000,-32.39,0.8035,0.4297,0.3699,0.7534,0.5472,0.7842,0.0983
387,0,in_cluster,0,3,10,4.189,4.332,0.591,2.655,6.139,0.000,-31.75,0.7803,0.5992,0.5048,0.6763,0.5742,0.8555,0.1965
388,0,in_cluster,0,10,3,2.471,7.552,0.013,2.251,6.139,0.000,-26.32,0.6243,0.6224,0.5877,0.9249,0.7649,0.5549,0.6397
389,0,in_cluster,0,10,3,1.739,7.642,0.008,2.069,6.139,0.000,-24.78,0.6802,0.6416,0.6031,0.8227,0.7726,0.5414,0.6435
390,0,in_cluster,0,10,0,2.888,3.731,0.496,2.538,4.292,0.020,-22.70,0.2755,0.3410,0.3314,0.3699,0.4990,0.7611,0.1137
391,0,in_cluster,0,10,0,2.925,3.640,0.448,2.923,4.292,0.020,-21.25,0.1426,0.3314,0.3776,0.3044,0.3988,0.6166,0.3391
392,0,in_cluster,0,0,10,2.019,3.246,0.333,1.498,4.292,0.020,-18.23,0.2197,0.3719,0.4374,0.1792,0.3083,0.4393,0.5453
393,0,in_cluster,0,0,11,1.810,3.356,0.013,1.749,3.534,0.151,-17.83,0.2158,0.3815,0.4239,0.3083,0.3911,0.3988,0.6782
394,0,in_cluster,0,11,0,3.061,3.323,0.957,2.005,3.534,0.151,-21.71,0.2004,0.7091,0.7322,0.2601,0.7399,0.5703,0.7495
395,0,in_cluster,0,11,0,3.409,4.298,0.907,2.762,3.534,0.151,-25.39,0.5202,0.7206,0.7418,0.3988,0.8420,0.5241,0.7842
396,0,in_cluster,0,0,11,3.477,3.540,0.022,2.623,3.534,0.151,-22.24,0.5877,0.7765,0.7611,0.5010,0.8786,0.3044,0.7823
397,0,in_cluster,0,11,0,2.867,3.034,0.931,1.584,3.534,0.151,-20.79,0.1908,0.8035,0.7803,0.3141,0.6416,0.2736,0.7322
398,0,off,0,0,11,6.389,7.714,0.060,5.752,3.534,0.151,-36.60,0.9827,0.5588,0.4624,0.9846,0.8439,0.2697,0.6050
399,0,in_cluster,0,11,0,2.974,3.027,0.930,1.758,3.534,0.151,-20.78,0.2890,0.7977,0.7900,0.3931,0.6917,0.2987,0.4451
400,0,in_cluster,0,0,4,4.228,5.476,0.308,3.617,6.694,0.003,-25.13,0.8497,0.7688,0.7572,0.7784,0.7592,0.3873,0.3044
401,0,in_cluster,0,0,11,2.744,2.819,0.088,1.448,3.534,0.151,-19.96,0.1522,0.7071,0.7013,0.2543,0.5665,0.5029,0.2023
402,0,in_cluster,0,11,0,2.745,2.812,0.915,1.456,3.534,0.151,-20.15,0.1291,0.7225,0.7206,0.1927,0.5530,0.4701,0.2062
403,0,in_cluster,0,11,0,2.778,2.878,0.927,1.489,3.534,0.151,-20.34,0.1349,0.6879,0.6724,0.2351,0.5780,0.2062,0.2351
404,0,in_cluster,0,11,0,2.698,2.720,0.896,1.327,3.534,0.151,-19.89,0.1676,0.6705,0.6744,0.3237,0.5761,0.3931,0.3526
405,0,in_cluster,0,0,11,3.181,3.425,0.151,2.367,3.534,0.151,-21.25,0.2794,0.4335,0.4335,0.4123,0.5356,0.3468,0.3565
406,0,in_cluster,0,10,11,3.682,4.304,0.251,2.906,3.799,0.008,-26.43,0.2909,0.4913,0.5010,0.4913,0.6455,0.4143,0.3815
407,0,in_cluster,0,10,11,3.191,4.669,0.052,2.723,3.799,0.008,-28.30,0.2081,0.5048,0.5376,0.3757,0.5241,0.5048,0.4489
408,0,in_cluster,0,10,0,3.284,3.900,0.423,2.843,4.292,0.020,-22.98,0.1541,0.5337,0.6012,0.3680,0.4162,0.4778,0.5665
409,0,in_cluster,0,11,3,3.460,4.591,0.292,3.074,5.964,0.000,-28.01,0.3044,0.7726,0.8343,0.3950,0.7958,0.4355,0.6802
410,0,in_cluster,0,11,3,4.040,5.451,0.361,3.730,5.964,0.000,-31.00,0.7091,0.7861,0.8420,0.7437,0.8882,0.1908,0.7457
411,0,in_cluster,0,10,11,3.946,4.044,0.369,2.663,3.799,0.008,-30.34,0.7592,0.5665,0.6146,0.8054,0.8112,0.0212,0.7765
412,0,in_cluster,0,11,4,3.348,5.350,0.127,3.408,4.205,0.084,-28.44,0.4624,0.5434,0.5125,0.5299,0.5626,0.0963,0.7669
413,0,in_cluster,0,11,10,2.595,4.436,0.440,1.874,3.799,0.008,-25.98,0.4374,0.5029,0.4509,0.3102,0.2967,0.1272,0.6936
414,0,in_cluster,0,11,5,2.992,4.964,0.338,2.795,4.224,0.182,-27.31,0.8343,0.6108,0.6493,0.8536,0.7630,0.0694,0.5723
415,0,in_cluster,0,11,5,2.583,3.999,0.162,2.230,4.224,0.182,-26.17,0.8825,0.6127,0.6339,0.9152,0.8960,0.0732,0.4971
416,0,in_cluster,0,11,9,2.364,4.053,0.280,2.288,2.565,0.698,-24.02,0.4393,0.4316,0.3565,0.2697,0.3391,0.0039,0.4933
417,0,in_cluster,0,11,9,2.237,3.597,0.390,2.136,2.565,0.698,-22.44,0.3449,0.3179,0.2659,0.2428,0.2447,0.0559,0.4913
418,0,in_cluster,0,11,9,2.720,3.534,0.489,2.482,2.565,0.698,-22.26,0.5279,0.2987,0.2832,0.3969,0.4451,0.0578,0.4682
419,0,in_cluster,0,11,5,2.841,4.143,-0.009,1.780,4.224,0.182,-26.87,0.7688,0.3892,0.4008,0.6243,0.6474,0.2197,0.4335
420,0,in_cluster,0,11,5,2.523,4.712,-0.138,1.416,4.224,0.182,-26.02,0.7958,0.3854,0.4104,0.6358,0.6166,0.3179,0.4008
421,0,in_cluster,0,11,9,2.428,4.023,0.423,2.130,2.565,0.698,-23.95,0.4509,0.3121,0.2813,0.3834,0.3526,0.2158,0.3179
422,0,in_cluster,0,11,9,2.140,2.867,0.495,1.858,2.565,0.698,-20.14,0.3988,0.2486,0.1464,0.1676,0.1696,0.0193,0.2871
423,0,in_cluster,0,9,11,2.150,2.571,0.266,2.033,2.565,0.698,-18.34,0.3680,0.1927,0.0983,0.1233,0.1561,0.4181,0.2659
424,0,in_cluster,0,9,11,2.155,2.515,0.240,1.992,2.565,0.698,-18.35,0.3314,0.1618,0.0732,0.0963,0.1252,0.4644,0.1985
425,0,in_cluster,0,9,11,2.214,2.470,0.241,1.952,2.565,0.698,-18.48,0.3333,0.1522,0.0617,0.1098,0.1272,0.0655,0.1426
426,0,in_cluster,0,11,9,2.694,2.882,0.760,2.068,2.565,0.698,-20.18,0.3584,0.1985,0.1021,0.1580,0.2312,0.0867,0.1214
427,0,in_cluster,0,11,9,2.395,4.002,0.627,2.038,2.565,0.698,-23.87,0.3719,0.2312,0.1368,0.1830,0.2505,0.0173,0.1252
428,0,in_cluster,0,11,4,2.624,5.013,0.001,2.578,4.205,0.084,-26.28,0.5472,0.2563,0.1079,0.4393,0.4489,0.0058,0.1349
429,0,in_cluster,0,11,5,3.083,5.323,-0.167,2.614,4.224,0.182,-27.59,0.7861,0.3950,0.2582,0.7746,0.7148,0.5800,0.1368
430,0,in_cluster,0,11,5,2.288,4.634,-0.028,1.916,4.224,0.182,-25.46,0.7842,0.4374,0.3006,0.8555,0.7437,0.5087,0.1541
431,0,in_cluster,0,11,5,2.466,4.511,0.144,2.241,4.224,0.182,-25.88,0.8439,0.2736,0.1676,0.9171,0.6802,0.2370,0.3141
432,0,in_cluster,0,11,5,2.686,4.788,0.055,2.337,4.224,0.182,-26.45,0.5819,0.2370,0.1599,0.5279,0.5318,0.3276,0.4547
433,0,in_cluster,0,11,4,2.915,4.800,0.204,2.962,4.205,0.084,-27.09,0.6050,0.1946,0.1522,0.6224,0.5145,0.3487,0.5048
434,0,in_cluster,0,11,4,1.965,5.798,-0.086,2.225,4.205,0.084,-24.77,0.4470,0.2331,0.2119,0.3854,0.2871,0.3834,0.4316
435,0,in_cluster,0,11,4,1.965,5.733,-0.075,2.274,4.205,0.084,-24.77,0.6590,0.2871,0.3353,0.6281,0.4875,0.4682,0.3931
436,0,in_cluster,0,11,5,2.027,6.554,-0.108,2.435,4.224,0.182,-24.89,0.5087,0.1811,0.2351,0.5087,0.2890,0.4085,0.3102
437,0,in_cluster,0,11,6,2.460,2.857,0.601,2.225,3.891,0.000,-16.37,0.0906,0.0963,0.0713,0.0751,0.0655,0.4277,0.2177
438,0,in_cluster,0,6,5,2.756,6.328,0.054,1.751,7.401,0.071,-18.55,0.3661,0.4798,0.5549,0.8324,0.6127,0.1946,0.1811
439,0,in_cluster,0,6,5,3.983,5.388,0.206,2.207,7.401,0.071,-22.69,0.6127,0.7110,0.6686,0.8459,0.6185,0.2389,0.8690
440,0,in_cluster,0,1,5,2.368,5.198,-0.009,2.153,3.420,0.970,-23.91,0.5800,0.8382,0.8189,0.5761,0.7013,0.2486,0.6724
441,0,in_cluster,0,1,5,2.504,6.125,-0.211,2.070,3.420,0.970,-24.24,0.5164,0.7611,0.7534,0.5491,0.6339,0.2293,0.3603
442,0,in_cluster,0,1,5,2.234,5.053,0.036,2.062,3.420,0.970,-23.60,0.5241,0.8015,0.7996,0.6532,0.7977,0.0385,0.5954
443,0,in_cluster,0,1,5,2.389,4.733,0.144,2.144,3.420,0.970,-23.95,0.6435,0.7553,0.7688,0.7264,0.8073,0.0019,0.1272
444,0,in_cluster,0,1,5,2.584,5.295,-0.261,1.587,3.420,0.970,-24.44,0.5934,0.2929,0.3333,0.5164,0.4933,0.0751,0.2524
445,0,in_cluster,0,1,11,1.965,5.866,0.005,1.750,4.022,0.002,-23.03,0.2717,0.3256,0.3988,0.3622,0.3834,0.1753,0.1753
446,0,in_cluster,0,1,6,2.888,3.780,0.591,1.797,3.941,0.015,-21.87,0.3969,0.1792,0.1118,0.4258,0.2274,0.1349,0.3757
447,0,in_cluster,0,1,5,2.168,5.145,-0.168,1.809,3.420,0.970,-23.45,0.2775,0.5453,0.5992,0.4412,0.4258,0.2871,0.2235
448,0,in_cluster,0,1,5,2.301,5.594,-0.276,1.653,3.420,0.970,-23.75,0.2813,0.4547,0.5780,0.4990,0.4721,0.4528,0.1830
449,0,in_cluster,0,1,5,2.171,4.990,-0.214,1.980,3.420,0.970,-23.46,0.5356,0.5819,0.6378,0.7225,0.7091,0.4913,0.7148
450,0,in_cluster,0,1,5,2.932,4.477,-0.049,2.782,3.420,0.970,-25.40,0.8266,0.7881,0.7514,0.8015,0.8709,0.1580,0.8362
451,0,in_cluster,0,1,5,3.089,3.797,0.422,3.086,3.420,0.970,-25.87,0.8285,0.9306,0.9268,0.6936,0.9171,0.2524,0.7380
452,0,in_cluster,0,1,5,3.366,3.402,0.507,2.758,3.420,0.970,-26.76,0.6898,0.8863,0.8960,0.5742,0.8671,0.3102,0.3950
453,0,in_cluster,0,1,5,3.659,3.772,0.242,2.803,3.420,0.970,-27.77,0.5626,0.5318,0.3950,0.5337,0.5588,0.2408,0.6166
454,0,in_cluster,0,1,5,2.919,3.229,0.644,2.433,3.420,0.970,-25.36,0.7380,0.7746,0.7245,0.8516,0.8728,0.2929,0.8343
455,0,in_cluster,0,5,1,2.354,5.519,-0.317,1.889,3.420,0.970,-28.73,0.7495,0.9730,0.9672,0.8902,0.9827,0.4432,0.7746
456,0,in_cluster,0,5,3,3.305,6.419,0.016,2.758,5.620,0.008,-31.42,0.9017,0.9769,0.9807,0.9191,0.9884,0.7091,0.7958
457,0,in_cluster,0,5,4,2.789,4.755,0.418,2.868,3.510,0.114,-29.84,0.8921,0.8420,0.8613,0.8786,0.9114,0.7225,0.7900
458,0,in_cluster,0,5,4,1.992,3.624,0.367,1.887,3.510,0.114,-27.64,0.7341,0.6763,0.6262,0.7380,0.7707,0.4297,0.7399
459,0,in_cluster,0,5,1,2.604,4.094,0.372,2.409,3.420,0.970,-28.72,0.8574,0.8170,0.8092,0.7669,0.8902,0.5934,0.9268
460,0,in_cluster,0,5,1,1.845,3.955,0.141,1.965,3.420,0.970,-27.41,0.7360,0.8439,0.8516,0.5838,0.7457,0.3776,0.7977
461,0,in_cluster,0,5,4,2.222,4.501,0.352,2.377,3.510,0.114,-28.42,0.8150,0.6994,0.6628,0.8690,0.8285,0.1811,0.8767
462,0,in_cluster,0,5,11,3.502,3.619,0.407,2.429,4.224,0.182,-27.93,0.6956,0.6859,0.6570,0.7938,0.6262,0.3719,0.9692
463,0,in_cluster,0,1,11,2.857,2.973,0.525,2.649,4.022,0.002,-25.06,0.5915,0.6012,0.5800,0.5472,0.3487,0.3796,0.9711
464,0,in_cluster,0,5,1,2.388,4.755,0.175,2.481,3.420,0.970,-28.78,0.7457,0.8285,0.8266,0.6590,0.7110,0.4258,0.9017
465,0,in_cluster,0,5,1,2.208,4.795,0.111,2.434,3.420,0.970,-28.38,0.7534,0.8227,0.8054,0.6378,0.6821,0.3969,0.8805
466,0,in_cluster,0,5,11,2.874,5.475,0.192,2.884,4.224,0.182,-30.09,0.9191,0.8073,0.8150,0.9094,0.8844,0.3757,0.8439
467,0,in_cluster,0,5,11,3.946,6.051,0.126,3.339,4.224,0.182,-33.74,0.9576,0.7148,0.7553,0.9576,0.9229,0.5145,0.4817
468,0,in_cluster,0,11,1,2.782,2.951,0.527,2.491,4.022,0.002,-25.20,0.6224,0.3025,0.3603,0.4297,0.3044,0.8459,0.8844
469,0,in_cluster,0,1,11,3.037,3.584,0.421,2.878,4.022,0.002,-25.69,0.8189,0.5511,0.5857,0.6609,0.5453,0.7938,0.9653
470,0,in_cluster,0,5,1,3.643,3.785,0.632,3.149,3.420,0.970,-28.22,0.8709,0.7033,0.6782,0.7245,0.7360,0.7380,0.9730
471,0,in_cluster,0,5,1,2.836,3.443,0.501,2.338,3.420,0.970,-26.92,0.7322,0.7534,0.6936,0.7110,0.6513,0.8998,0.9750
472,0,in_cluster,0,5,1,2.771,3.921,0.394,2.503,3.420,0.970,-28.44,0.7476,0.8266,0.7919,0.8266,0.8015,0.8574,0.9672
473,0,in_cluster,0,5,11,3.490,3.688,0.414,2.254,4.224,0.182,-28.10,0.6840,0.7264,0.7052,0.6859,0.7303,0.4509,0.8247
474,0,in_cluster,0,11,5,3.518,4.166,0.520,3.046,4.224,0.182,-28.98,0.7919,0.5125,0.4489,0.6879,0.6763,0.4952,0.8208
475,0,in_cluster,0,5,11,3.828,4.207,0.335,2.866,4.224,0.182,-31.36,0.8555,0.7245,0.7110,0.7206,0.8150,0.5491,0.7938
476,0,in_cluster,0,5,11,3.631,4.115,0.314,2.482,4.224,0.182,-30.95,0.8613,0.7399,0.7380,0.8362,0.7861,0.4836,0.6243
477,0,in_cluster,0,11,1,3.143,3.859,0.422,3.031,4.022,0.002,-27.40,0.7746,0.3642,0.4875,0.7033,0.5819,0.5260,0.5202
478,0,in_cluster,0,11,1,2.616,3.380,0.495,2.486,4.022,0.002,-25.55,0.4701,0.1387,0.2274,0.3873,0.3449,0.5780,0.4085
479,0,in_cluster,0,11,1,3.130,4.180,0.492,2.971,4.022,0.002,-16.08,0.2466,0.1040,0.1657,0.3911,0.2794,0.4412,0.2486
480,0,in_cluster,0,11,6,2.652,3.710,0.597,2.427,3.891,0.000,-18.39,0.0482,0.0925,0.1156,0.1252,0.1349,0.5819,0.1792
481,0,in_cluster,0,11,6,2.677,3.580,0.629,2.411,3.891,0.000,-12.91,0.0173,0.0732,0.0867,0.0944,0.1098,0.5723,0.1310
482,0,in_cluster,0,11,6,2.714,3.652,0.645,2.424,3.891,0.000,-13.13,0.0077,0.0578,0.0655,0.0597,0.1002,0.6108,0.0944
483,0,in_cluster,0,11,6,2.704,3.796,0.649,2.416,3.891,0.000,-13.89,0.0039,0.0539,0.0636,0.0559,0.0983,0.6301,0.0867
484,0,in_cluster,0,11,6,2.714,3.812,0.649,2.411,3.891,0.000,-14.01,0.0019,0.0636,0.0771,0.0655,0.1156,0.5645,0.0886
485,0,in_cluster,0,11,6,2.726,3.784,0.655,2.422,3.891,0.000,-13.35,0.0000,0.0597,0.0694,0.0462,0.1079,0.5511,0.0906
486,0,in_cluster,0,6,1,3.303,5.350,0.019,2.202,3.941,0.015,-20.21,0.4412,0.2139,0.2948,0.6975,0.4817,0.4008,0.0963
487,0,in_cluster,0,6,5,2.504,6.858,0.042,2.287,7.401,0.071,-17.89,0.3931,0.5222,0.6166,0.8112,0.6879,0.3141,0.1850
488,0,in_cluster,0,1,10,5.217,5.404,0.348,3.665,6.099,0.000,-34.67,0.9557,0.6667,0.6763,0.9345,0.7187,0.2601,0.8574
489,0,in_cluster,0,5,1,3.026,4.814,0.308,2.932,3.420,0.970,-30.43,0.9865,0.9268,0.9287,0.9037,0.9595,0.4566,0.3680
490,1,in_cluster,0,5,1,1.924,3.753,0.149,1.967,3.420,0.970,-27.27,0.8420,0.9518,0.9576,0.9865,0.9441,0.3854,0.9981
491,1,in_cluster,0,5,1,2.244,4.615,-0.194,2.116,3.420,0.970,-28.44,0.8420,0.9672,0.9750,0.9904,0.9557,0.4297,0.9981
492,0,in_cluster,0,5,3,4.455,6.263,0.319,2.720,5.620,0.008,-35.88,0.9538,0.9518,0.9518,0.9114,0.9576,0.2620,0.3776
493,0,valley,1,3,10,6.993,7.002,0.762,3.139,6.139,0.000,-47.17,0.9634,0.9383,0.9229,0.9865,0.9615,0.4489,0.8998
494,1,in_cluster,0,3,5,3.520,9.812,-0.054,3.126,5.620,0.008,-29.68,0.9807,0.9923,0.9904,0.9807,0.9961,0.9865,0.7534
495,1,off,0,5,3,7.164,10.426,0.819,5.499,5.620,0.008,-51.62,0.9769,0.9904,0.9884,0.9942,0.9942,1.0000,0.8805
496,1,in_cluster,0,4,8,3.767,4.953,0.401,3.229,3.657,0.476,-29.78,0.7688,0.9210,0.9615,0.6243,0.8304,1.0000,0.8651
497,1,in_cluster,0,4,5,4.578,6.163,-0.029,3.709,3.510,0.114,-34.17,0.8767,0.9345,0.9672,0.8516,0.9133,1.0000,0.9037
498,1,valley,1,4,11,5.694,6.414,0.056,4.177,4.205,0.084,-39.86,0.9345,0.9904,0.9884,0.9961,0.9730,0.9827,1.0000
499,1,valley,1,4,10,5.940,6.329,0.568,3.471,6.657,0.000,-41.20,0.8748,0.9981,0.9981,0.9961,0.9518,1.0000,1.0000
500,1,valley,1,4,10,6.331,6.909,0.628,3.580,6.657,0.000,-43.69,0.9037,0.9981,0.9981,0.9961,0.9326,1.0000,1.0000
501,1,valley,1,4,10,6.406,6.863,0.645,3.695,6.657,0.000,-44.13,0.9210,0.9923,0.9904,0.9961,0.8979,0.9884,1.0000
502,1,in_cluster,0,3,5,5.035,7.403,0.200,4.603,5.620,0.008,-36.16,0.9557,0.9981,0.9961,0.9961,0.9961,0.9403,1.0000
503,1,in_cluster,0,3,5,4.659,6.467,0.318,4.387,5.620,0.008,-34.34,0.9750,0.9981,0.9981,0.9961,0.9981,1.0000,1.0000
504,1,in_cluster,0,4,3,3.775,4.829,0.276,2.770,4.845,0.000,-30.80,0.7437,0.9923,0.9981,0.9961,0.8420,1.0000,1.0000
505,0,in_cluster,0,4,3,3.719,4.998,0.253,2.663,4.845,0.000,-30.59,0.6262,0.9672,0.9884,0.9942,0.7881,0.8439,0.9981
506,1,in_cluster,0,4,5,3.183,5.944,0.037,3.371,3.510,0.114,-28.75,0.8420,0.9345,0.9827,0.9865,0.9249,1.0000,0.9981
507,1,in_cluster,0,4,8,3.205,3.438,0.537,2.590,3.657,0.476,-23.88,0.7977,0.8767,0.9345,0.8131,0.9075,1.0000,0.9171
508,1,in_cluster,0,4,8,2.776,3.212,0.699,1.634,3.657,0.476,-23.12,0.3931,0.8536,0.9210,0.5395,0.6898,1.0000,0.9210
509,1,in_cluster,0,4,8,2.825,3.110,0.716,1.618,3.657,0.476,-22.81,0.3603,0.8266,0.9017,0.4855,0.5934,1.0000,0.9229
510,0,in_cluster,0,8,4,2.764,3.277,0.153,1.682,3.657,0.476,-21.80,0.3699,0.7996,0.8844,0.4798,0.5838,0.9345,0.9287
511,0,in_cluster,0,4,5,2.955,3.551,0.261,2.345,3.510,0.114,-28.04,0.7707,0.8131,0.8709,0.7842,0.8613,0.9249,0.9345
512,0,in_cluster,0,5,4,4.170,5.225,0.488,3.617,3.510,0.114,-34.58,0.9422,0.8574,0.8671,0.9672,0.9499,0.8247,0.9364
513,0,in_cluster,0,5,11,3.902,4.666,0.536,3.420,4.224,0.182,-32.95,0.8362,0.8401,0.8227,0.9133,0.8921,0.8112,0.9133
514,0,in_cluster,0,11,5,2.138,3.155,0.282,1.704,4.224,0.182,-25.12,0.6879,0.8054,0.7495,0.8960,0.8131,0.8092,0.8882
515,0,in_cluster,0,11,5,2.604,3.339,0.351,2.202,4.224,0.182,-26.22,0.8998,0.8709,0.7958,0.9595,0.9037,0.3410,0.8073
516,0,in_cluster,0,11,5,4.082,5.526,0.096,3.289,4.224,0.182,-31.17,0.8593,0.9865,0.9769,0.9364,0.9711,0.5665,0.8189
517,0,in_cluster,0,11,5,3.746,6.381,0.238,3.771,4.224,0.182,-29.85,0.9711,0.9846,0.9827,0.9807,0.9846,0.5318,0.8150
518,0,in_cluster,0,4,11,3.232,4.835,0.181,2.883,4.205,0.084,-28.91,0.9942,0.9152,0.9152,0.9750,0.9461,0.6204,0.7707
519,0,in_cluster,0,11,4,2.225,6.347,0.031,2.761,4.205,0.084,-25.31,0.8401,0.7592,0.8304,0.8574,0.5067,0.6185,0.7572
520,0,in_cluster,0,11,1,2.861,4.108,0.525,2.975,4.022,0.002,-21.18,0.2408,0.2254,0.3680,0.1387,0.1118,0.7553,0.7110
521,0,in_cluster,0,11,1,2.827,4.087,0.521,2.950,4.022,0.002,-21.44,0.2216,0.1888,0.3083,0.1310,0.1060,0.7206,0.6609
522,0,in_cluster,0,11,1,2.830,4.084,0.516,2.958,4.022,0.002,-20.18,0.1985,0.1657,0.2871,0.1137,0.0925,0.7264,0.5992
523,0,in_cluster,0,11,1,2.841,4.115,0.513,2.976,4.022,0.002,-16.32,0.1638,0.1464,0.2697,0.0809,0.0809,0.7476,0.5857
524,0,in_cluster,0,11,1,2.794,4.076,0.508,2.925,4.022,0.002,-17.13,0.1464,0.1349,0.2466,0.1060,0.0886,0.7977,0.5915
525,0,in_cluster,0,11,6,2.763,3.942,0.527,2.781,3.891,0.000,-15.60,0.1195,0.1252,0.2235,0.0674,0.0732,0.8324,0.5896
526,0,in_cluster,0,11,2,2.909,3.392,0.965,1.621,3.464,0.164,-11.11,0.2659,0.1021,0.1830,0.1869,0.1618,0.7514,0.4528
527,0,in_cluster,0,11,2,3.079,3.459,0.986,1.862,3.464,0.164,-11.34,0.2447,0.0983,0.1580,0.3353,0.1715,0.7437,0.3911
528,0,in_cluster,0,11,2,3.055,4.354,1.003,1.625,3.464,0.164,-14.83,0.1850,0.1079,0.1811,0.1021,0.0771,0.8131,0.2678
529,0,in_cluster,0,11,2,3.009,4.084,0.999,1.570,3.464,0.164,-13.69,0.1734,0.0906,0.1484,0.0713,0.0674,0.8863,0.2678
530,0,in_cluster,0,11,2,2.962,3.551,0.991,1.510,3.464,0.164,-11.66,0.1503,0.0790,0.1137,0.0520,0.0482,0.8651,0.2678
531,0,in_cluster,0,11,2,3.004,3.898,1.004,1.523,3.464,0.164,-12.95,0.1329,0.0771,0.1175,0.0578,0.0501,0.8671,0.2678
532,0,in_cluster,0,11,2,2.985,3.329,1.005,1.495,3.464,0.164,-10.90,0.1098,0.0751,0.1098,0.0636,0.0520,0.8748,0.2678
533,0,in_cluster,0,11,2,2.936,3.554,0.995,1.435,3.464,0.164,-11.67,0.1021,0.0501,0.0906,0.0539,0.0462,0.8516,0.2678
534,0,in_cluster,0,6,1,3.108,4.449,0.234,2.462,3.941,0.015,-19.59,0.4046,0.1753,0.2794,0.5568,0.3950,0.9268,0.2678
535,0,in_cluster,0,6,1,2.554,4.664,0.234,2.334,3.941,0.015,-18.02,0.4200,0.2678,0.3410,0.5915,0.4374,0.8593,0.6879
536,0,in_cluster,0,1,11,2.704,5.989,-0.037,1.919,4.022,0.002,-24.76,0.5337,0.4663,0.5279,0.5588,0.5337,0.8382,0.8035
537,0,in_cluster,0,1,11,2.602,5.684,-0.035,1.766,4.022,0.002,-24.49,0.4875,0.4855,0.5434,0.5376,0.4701,0.8285,0.7129
538,0,in_cluster,0,1,5,2.283,5.334,0.000,2.312,3.420,0.970,-23.71,0.5588,0.5279,0.5453,0.7013,0.5568,0.7803,0.7784
539,0,in_cluster,0,1,5,2.367,4.872,0.142,2.324,3.420,0.970,-23.90,0.7110,0.3584,0.4162,0.8420,0.6705,0.6686,0.1734
540,0,in_cluster,0,1,11,1.967,3.745,0.230,1.718,4.022,0.002,-23.03,0.3565,0.1098,0.1445,0.2890,0.3064,0.6859,0.1927
541,0,in_cluster,0,1,11,2.506,3.843,0.239,2.051,4.022,0.002,-24.24,0.3834,0.1137,0.1888,0.4355,0.3642,0.8825,0.2447
542,0,in_cluster,0,6,1,2.119,4.312,0.117,1.242,3.941,0.015,-17.00,0.4663,0.2100,0.3179,0.6069,0.4393,0.8960,0.2909
543,0,in_cluster,0,1,5,2.821,6.277,-0.154,2.553,3.420,0.970,-25.08,0.7726,0.6551,0.7148,0.6513,0.6301,0.7168,0.2216
544,1,in_cluster,0,1,5,4.086,5.910,-0.156,3.648,3.420,0.970,-29.45,0.8902,0.5299,0.6012,0.9557,0.7707,0.6513,0.2216
545,1,in_cluster,0,1,5,3.497,4.966,-0.183,2.976,3.420,0.970,-27.22,0.7283,0.3025,0.2640,0.6301,0.6879,0.7457,0.2987
546,1,in_cluster,0,1,5,2.762,4.153,-0.029,2.168,3.420,0.970,-24.92,0.6204,0.5838,0.4663,0.6917,0.5645,0.9383,0.3276
547,1,in_cluster,0,1,5,2.113,4.082,-0.029,1.683,3.420,0.970,-23.33,0.5588,0.7264,0.6570,0.6166,0.5568,0.7611,0.8979
548,0,in_cluster,0,5,1,3.248,4.072,0.639,2.436,3.420,0.970,-29.24,0.9345,0.9114,0.8940,0.9653,0.9403,0.6821,0.8979
549,0,in_cluster,0,5,1,2.407,5.797,-0.209,2.446,3.420,0.970,-28.85,0.9807,0.9884,0.9865,0.9634,0.9904,0.6724,0.8227
550,0,in_cluster,0,5,1,3.196,7.006,-0.629,2.096,3.420,0.970,-31.06,0.9326,0.9692,0.9730,0.9403,0.9923,0.7919,0.8304
551,0,in_cluster,0,4,5,3.402,4.983,0.355,2.821,3.510,0.114,-29.47,0.8844,0.8247,0.8497,0.8497,0.9191,0.5472,0.7726
552,0,in_cluster,0,4,8,3.099,3.829,0.707,2.460,3.657,0.476,-25.27,0.5491,0.7900,0.8073,0.6012,0.7476,0.6031,0.6975
553,0,in_cluster,0,3,5,3.073,7.025,0.314,2.017,5.620,0.008,-28.21,0.7611,0.9075,0.9306,0.8247,0.9075,0.6050,0.5934
554,0,in_cluster,0,3,5,4.613,6.416,0.351,2.099,5.620,0.008,-34.13,0.9653,0.9287,0.9364,0.9326,0.9730,0.6127,0.5491
555,0,in_cluster,0,4,8,3.033,5.091,0.478,2.950,3.657,0.476,-28.22,0.9075,0.7958,0.8593,0.7823,0.9422,0.5568,0.6532
556,0,in_cluster,0,4,8,3.105,3.352,0.850,1.642,3.657,0.476,-23.59,0.3873,0.7303,0.8170,0.5106,0.7553,0.5434,0.6956
557,0,in_cluster,0,8,4,3.033,3.303,0.081,1.422,3.657,0.476,-22.58,0.3642,0.7380,0.8285,0.4721,0.6744,0.5684,0.7437
558,0,in_cluster,0,8,4,2.808,3.474,0.044,1.409,3.657,0.476,-21.92,0.3507,0.7649,0.8324,0.4855,0.6647,0.5896,0.8015
559,0,in_cluster,0,8,4,2.562,3.446,0.027,1.238,3.657,0.476,-21.26,0.3391,0.7630,0.8439,0.4836,0.6628,0.5857,0.8459
560,0,in_cluster,0,8,4,2.391,3.531,0.003,1.209,3.657,0.476,-20.84,0.3603,0.7437,0.8382,0.4740,0.6358,0.7129,0.8825
561,0,in_cluster,0,5,4,3.335,3.501,0.802,2.508,3.510,0.114,-29.65,0.8324,0.8497,0.8921,0.9017,0.8998,0.8728,0.8921
562,0,in_cluster,0,5,4,3.322,3.508,0.499,2.965,3.510,0.114,-29.66,0.9383,0.8189,0.8247,0.9499,0.9653,0.8709,0.8960
563,0,in_cluster,0,5,11,3.210,4.107,0.518,2.940,4.224,0.182,-30.49,0.9287,0.6956,0.6069,0.9769,0.9518,0.8767,0.8940
564,0,in_cluster,0,11,5,2.030,4.583,0.169,2.034,4.224,0.182,-24.90,0.8227,0.8459,0.8035,0.7611,0.8767,0.6435,0.8420
565,0,in_cluster,0,4,11,3.471,4.085,0.280,2.357,4.205,0.084,-29.50,0.7900,0.8844,0.8632,0.9383,0.8401,0.5607,0.9171
566,0,in_cluster,0,11,5,1.984,4.496,0.092,1.704,4.224,0.182,-24.81,0.6397,0.8767,0.8459,0.7322,0.7225,0.4451,0.9383
567,0,in_cluster,0,11,5,1.944,4.790,0.049,1.709,4.224,0.182,-24.73,0.6146,0.8150,0.7746,0.6724,0.6320,0.4316,0.9075
568,0,in_cluster,0,11,5,2.407,5.571,-0.007,2.159,4.224,0.182,-25.73,0.6782,0.8671,0.8574,0.7399,0.7534,0.6917,0.9499
569,0,in_cluster,0,11,5,2.448,4.985,0.045,1.954,4.224,0.182,-25.83,0.6570,0.8748,0.8555,0.7187,0.6898,0.7341,0.9114
570,0,in_cluster,0,11,5,2.562,3.622,0.147,1.531,4.224,0.182,-26.12,0.6532,0.8112,0.7399,0.6898,0.6089,0.8632,0.9769
571,0,in_cluster,0,11,5,2.717,3.837,0.124,1.657,4.224,0.182,-26.53,0.6358,0.8208,0.7726,0.6994,0.5703,0.9017,0.9904
572,0,in_cluster,0,11,5,2.502,5.496,0.138,2.639,4.224,0.182,-25.97,0.9056,0.7283,0.7360,0.8825,0.7033,0.7707,0.9403
573,0,in_cluster,0,11,4,2.617,5.988,0.115,2.772,4.205,0.084,-26.26,0.8960,0.3776,0.5896,0.8767,0.6570,0.7071,0.5395
574,0,in_cluster,0,11,1,3.081,3.911,0.545,2.841,4.022,0.002,-19.74,0.3410,0.0829,0.1561,0.6917,0.3006,0.6898,0.3372
